league,home,away,commence_time,lambda_home,lambda_away,model_prob_home,model_prob_draw,model_prob_away,pinnacle_prob_home_fair,pinnacle_prob_draw_fair,pinnacle_prob_away_fair,overround,market_weight_blend,blend_prob_home,blend_prob_draw,blend_prob_away,best_bet_side,best_bet_edge,best_bet_qualifies,tier1_reached,tier1_best_prob,top_score_1,top_score_1_prob,promoted_team_involved,stale_form_flag
EPL,Aston Villa,Arsenal,2026-08-31T19:00:00Z,1.0089066032161442,1.7245089298823437,0.2204645917431868,0.2378904146158993,0.5416428947844307,0.20024619681046515,0.2511023737782024,0.5486514294113324,1.0535554107662106,0.5150370250583935,0.21005158357030107,0.24469531182549523,0.5452531046042037,Visita,-0.056712129034727554,False,False,0.5452531046042037,1-1,0.11308607460145642,False,True
EPL,Crystal Palace,Man City,2026-08-28T19:00:00Z,0.8439964475403137,1.8010419452581228,0.17204973359142706,0.2275740690710115,0.6003730545943841,0.1759791163528649,0.21824661774015805,0.6057742659069771,1.058192262535096,0.5150370250583935,0.1740737765074876,0.22277042581373452,0.6031557976787779,Visita,-0.059076955621106375,False,False,0.6031557976787779,0-1,0.12787871070716417,False,True
EPL,Fulham,Chelsea,2026-08-24T19:00:00Z,1.3808285696167417,1.3280649391645798,0.3833475697804267,0.2575840616238016,0.35906795227048216,0.24107748896200862,0.24047629821646746,0.5184462128215239,1.0370109672056418,0.5150370250583935,0.3100732732054143,0.24877298028093495,0.44115374651365075,Visita,-0.1794540314846096,False,False,0.44115374651365075,1-1,0.12215227861813993,False,True
EPL,Man United,Ipswich,2026-08-30T15:30:00Z,2.5403231679361316,0.8163397927552036,0.7470312931466769,0.15444575207128175,0.09845208395775205,0.6623549043997949,0.19773852052018928,0.13990657508001578,1.05577945396869,0.5150370250583935,0.7034439949710063,0.1767492055614766,0.11980679946751709,Local,0.005924912808539018,False,False,0.7034439949710063,2-0,0.1124521442329868,False,True
EPL,Chelsea,Brighton,2026-08-30T13:00:00Z,1.5155917252661038,1.285619619569705,0.4266021537795605,0.25085260757908057,0.3225445062149832,0.4758951358317105,0.24981371959669843,0.2742911445715911,1.0506516296413957,0.5150370250583935,0.45199002515866626,0.25031763071600643,0.2976923441253273,Local,-0.09601994968266747,False,False,0.45199002515866626,1-1,0.11834341222729466,False,True
EPL,Tottenham,Newcastle,2026-08-29T16:30:00Z,1.6398405868645236,1.5983085199362956,0.3924937348902957,0.2326584733495766,0.3748454814522318,0.45543743672205356,0.26294592341135137,0.28161663986659524,1.0505699816098635,0.5150370250583935,0.42491254790576505,0.2482579096775832,0.32682954241665163,Local,-0.11193277487695108,False,False,0.42491254790576505,1-1,0.10283760578577114,False,True
EPL,Man City,Bournemouth,2026-08-23T13:00:00Z,2.3085592302399176,0.9032440867277685,0.6888408955696701,0.17965697505901618,0.13147164471389738,0.6375074948967333,0.19565778806789982,0.16683471703536693,1.0388139134527572,0.5150370250583935,0.6624120866549703,0.187900764101399,0.14968714924363075,Local,0.0002422508490051989,False,False,0.6624120866549703,2-0,0.1073454374337921,False,True
EPL,Sunderland,Fulham,2026-08-30T13:00:00Z,1.2023508335017261,1.0856912849035858,0.38688747798945905,0.2839486012701109,0.32916383432582563,0.36681345752860006,0.2961847793709193,0.33700176310048063,1.0485312812859287,0.5150370250583935,0.37654862999069305,0.2902506982010284,0.3332006718082785,Local,-0.020973562024197978,False,False,0.37654862999069305,1-1,0.1324504670504366,False,True
EPL,Leeds,Brentford,2026-08-30T13:00:00Z,1.3378042991573413,1.471869525256898,0.3438349596277608,0.2516624577127464,0.4045019415065981,0.376581862766563,0.27696282348819895,0.34645531374523797,1.0495909550510159,0.5150370250583935,0.36070093935494124,0.2646931651371039,0.3746058955079549,Visita,0.030166212646876023,False,False,0.3746058955079549,1-1,0.11858672156970354,False,True
EPL,Newcastle,Liverpool,2026-08-23T15:30:00Z,1.4929656215195959,1.6734301138793592,0.3439738693410736,0.23467484177238532,0.4213491906597961,0.24927379138728148,0.24299485457651876,0.5077313540361996,1.0366028910559648,0.5150370250583935,0.29520012330346634,0.23896019957236053,0.4658396771241731,Visita,-0.1149046134640711,False,False,0.4658396771241731,1-1,0.10531959779907225,False,True
EPL,Brighton,Aston Villa,2026-08-23T13:00:00Z,1.5531205050964823,1.3212292421022362,0.4282847401729398,0.24716255100124593,0.3245517771023474,0.4339283530540928,0.27105328496095993,0.2950183619849472,1.0334205868719577,0.5150370250583935,0.4311916045963536,0.25946728078696857,0.30934111461667785,Local,-0.038442721750131525,False,False,0.4311916045963536,1-1,0.11584281339602032,False,True
EPL,Liverpool,Nott'm Forest,2026-08-29T11:30:00Z,1.954277903803622,1.0985353488504057,0.572589767919579,0.217908356497674,0.20949513594259725,0.6324354657687992,0.20622895622895626,0.16133557800224468,1.054125998225377,0.5150370250583935,0.6034144903481266,0.21189372549835042,0.184691784153523,Local,-0.09487826447781011,False,False,0.6034144903481266,1-1,0.10138656470412999,False,True
EPL,Bournemouth,Everton,2026-08-29T14:00:00Z,1.5098661265158448,1.0643367498055307,0.47513596752409315,0.25762492210468585,0.2672385038263134,0.46629386640834836,0.26947294262692084,0.26423319096473075,1.0512599751893204,0.5150370250583935,0.47058209649275595,0.26372716892311604,0.26569073458412806,Local,-0.04001252315477788,False,False,0.47058209649275595,1-1,0.12247724120522159,False,True
LALIGA,Celta,Osasuna,2026-08-27T18:30:00Z,1.5648009106181051,1.0574156345566332,0.49079229173032735,0.25271029843358117,0.2564965637525195,0.46610188155663385,0.274811513981368,0.25908660446199816,1.0516929835045326,0.5073621231693664,0.47826551214987395,0.26392372808532205,0.25781075976480405,Local,-0.02433835521425709,False,False,0.47826551214987395,1-1,0.12019617343408956,False,True
LALIGA,Ath Madrid,Villarreal,2026-08-23T15:00:00Z,1.94107530259298,1.2306144943493544,0.5393180690111915,0.2204030384049285,0.24027250652605156,0.5139266458615835,0.2549293124590441,0.23114404167937252,1.03500158612185,0.5073621231693664,0.5264370788301188,0.23792111061728974,0.23564181055259142,Local,-0.010298291799376691,False,False,0.5264370788301188,1-1,0.1001652392489491,False,True
LALIGA,Barcelona,Ath Bilbao,2026-08-27T19:00:00Z,2.3045481745867678,0.8075757886196723,0.7102718544317925,0.17484500223141722,0.11485313037777342,0.6858489736714871,0.18449738473034155,0.1296536415981715,1.0565557564084256,0.5073621231693664,0.6978909284758968,0.17974491313179553,0.12236415839230766,Local,-0.03691051870326245,False,False,0.6978909284758968,2-0,0.11818526200631436,False,True
LALIGA,Valencia,Betis,2026-08-25T19:00:00Z,1.2666695999752422,1.3110154053898107,0.3569880477512053,0.26516818796013686,0.37784350920172305,0.35559797974916024,0.29143809961093253,0.3529639206399072,1.049315096282096,0.5073621231693664,0.3562828246707922,0.27849658110816444,0.36522059422104336,Visita,-0.013904395603182906,False,False,0.36522059422104336,1-1,0.12612371912599674,False,True
LALIGA,Real Madrid,Sociedad,2026-08-26T19:00:00Z,2.353063609237738,0.8041488859839477,0.7194269820448923,0.1701579337459402,0.11037895560490386,0.6756893203883495,0.18621359223300968,0.1380970873786408,1.0571215094463557,0.5073621231693664,0.6972485590165695,0.17830714029216663,0.12444430069126398,Local,-0.02385201737680287,False,False,0.6972485590165695,2-0,0.1177815795515952,False,True
LALIGA,Elche,Barcelona,2026-08-23T19:30:00Z,1.035227297931635,2.188997209706257,0.1681878912403681,0.1958846913956365,0.6359084890374116,0.11107291135552481,0.16943987180421008,0.7194872168402652,1.0372229544171296,0.5073621231693664,0.13921121189940552,0.18246929307250143,0.6783194950280931,Visita,-0.09105187666235526,False,False,0.6783194950280931,1-2,0.09868092769107444,False,True
LALIGA,Osasuna,Levante,2026-08-24T17:30:00Z,1.6913056221453706,1.1442066071263661,0.5016088165892628,0.24057047680979138,0.25781893048267557,0.5218821668643733,0.26451561882166863,0.21360221431395812,1.0357520813333638,0.5073621231693664,0.5118951945282606,0.2527195560258785,0.235385249445861,Local,-0.052993890122717824,False,False,0.5118951945282606,1-1,0.1135740804436978,False,True
SERIEA,Venezia,Lecce,2026-08-23T16:30:00Z,1.0171553828806574,0.8748733257735208,0.37912701590887327,0.31789805979200747,0.30297490978368913,0.43369051266245634,0.3070253470594532,0.25928414027809055,1.0339873254791683,0.5092429820544171,0.40691309660564984,0.3123612093621809,0.2807256940321692,Local,-0.09258379456940091,False,False,0.40691309660564984,1-0,0.15335208107947904,False,True
SERIEA,Roma,Fiorentina,2026-08-24T18:45:00Z,1.6114986489543202,0.9023008673577253,0.5404511236154073,0.24905370086873305,0.21049407455979893,0.5804237171920333,0.24147954148841483,0.1780967413195518,1.0378790885192404,0.5092429820544171,0.560807189374015,0.24519674583961526,0.19399606478636977,Local,-0.06906006563913525,False,False,0.560807189374015,1-0,0.13046700330652522,False,True
SERIEA,Frosinone,Juventus,2026-08-23T16:30:00Z,0.8736166041700074,2.080033514779424,0.14772363969262614,0.19971583405746568,0.6525486232594013,0.12996129908604953,0.21315948172391788,0.6568792191900327,1.0356121627387596,0.5092429820544171,0.1386791024845331,0.20656312391837553,0.6547577735970914,Visita,-0.03750607281227558,False,False,0.6547577735970914,0-2,0.11281236957323894,False,True
SERIEA,Bologna,Lazio,2026-08-24T16:30:00Z,1.3067068077604318,1.1777334564844448,0.3956234001645505,0.27034729477073904,0.3340291092031328,0.4420830185373759,0.2997404986367967,0.2581764828258275,1.032885194452691,0.5092429820544171,0.41928267507147504,0.2853156049842862,0.2954017199442387,Local,-0.08177094159346965,False,False,0.41928267507147504,1-1,0.128305853152544,False,True
SERIEA,Atalanta,Sassuolo,2026-08-23T18:45:00Z,2.1072980652524347,1.0148524021505219,0.6243890229618063,0.2023917164601844,0.17320584947683723,0.6249803613511391,0.21775333857030638,0.1572663000785546,1.0389936860525095,0.5092429820544171,0.6246942693694107,0.21021589826801418,0.1650898323625751,Local,-0.03797082517110739,False,False,0.6246942693694107,2-1,0.09928693531257084,False,True
SERIEA,Torino,Milan,2026-08-23T18:45:00Z,0.971505478717975,1.5123413260678717,0.24284978443140223,0.2590750367636188,0.4980745742282642,0.21152490767105528,0.26139663386992196,0.5270784584590229,1.0367490430728292,0.5092429820544171,0.22689787809813672,0.26025737101559265,0.5128447508862707,Visita,-0.06149410587812465,False,False,0.5128447508862707,0-1,0.12616208526240896,False,True
BUNDESLIGA,FC Koln,Hoffenheim,2026-08-29T13:30:00Z,1.6231836779301434,1.8224394306486857,0.3470612091367647,0.2236699436215293,0.42926416344778673,0.3200241240622155,0.2598561007371668,0.42011977520061766,1.0485786681925888,0.5130675884125466,0.33319011700358486,0.24223644045325318,0.42457344254316204,Local,-0.0070934513293171575,False,False,0.42457344254316204,1-1,0.09432040730298002,False,True
BUNDESLIGA,Union Berlin,Ein Frankfurt,2026-08-29T13:30:00Z,1.421224754440498,1.5354499798541172,0.3524338931699355,0.24459040472405918,0.40297468388170365,0.38435835198436463,0.26775525643854614,0.3478863915770891,1.0490881865057424,0.5130675884125466,0.36881348112532014,0.25647566649142595,0.3747108523832539,Visita,0.02670773553011574,False,False,0.3747108523832539,1-1,0.11345690035510007,False,True
BUNDESLIGA,Freiburg,Werder Bremen,2026-08-30T13:30:00Z,1.719272846521685,1.2274052108432485,0.48926738235526646,0.23747149265829698,0.2732590183849514,0.4731323722149411,0.2634338138925295,0.2634338138925295,1.0515290583095602,0.5130675884125466,0.48098952499940517,0.2507921754592637,0.2682182995413311,Local,-0.03321105475119568,False,False,0.48098952499940517,1-1,0.11081709127463014,False,True
BUNDESLIGA,Augsburg,Schalke 04,2026-08-30T15:30:00Z,1.8517648016884594,0.9782219175128438,0.5785680621995738,0.22525436125828482,0.19617349643293652,0.43639097059292503,0.25573449351950983,0.3078745358875653,1.051157396100606,0.5130675884125466,0.5056226092207962,0.24089320780359585,0.253484182975608,Local,0.10225728810133572,True,False,0.5056226092207962,1-0,0.10927937658003997,False,True
BUNDESLIGA,RB Leipzig,M'gladbach,2026-08-29T13:30:00Z,2.1159915352629994,1.0746118251240568,0.6122252196529172,0.20343043843472272,0.184330410565401,0.617206730963238,0.20528832573342481,0.17750494330333721,1.0589560004016862,0.5130675884125466,0.6147852421197049,0.2043850466619938,0.18082971121830124,Local,-0.05937857955685155,False,False,0.6147852421197049,2-1,0.09898925102914546,False,True
BUNDESLIGA,Dortmund,Hamburg,2026-08-29T16:30:00Z,2.306716490484402,0.8464569515475869,0.7016260285292548,0.17683393181669874,0.12150977309551265,0.712143513241332,0.1722092495656312,0.11564723719303682,1.0557980031664242,0.5130675884125466,0.7070326291297411,0.17446372845298241,0.1185036424172765,Local,-0.05964660325744431,False,False,0.7070326291297411,2-0,0.11364559812412264,False,True
BUNDESLIGA,Bayern Munich,Stuttgart,2026-08-28T18:30:00Z,3.0351773302962686,1.3005386687053222,0.7222007366753241,0.14463665120785968,0.13284044325333116,0.7355232656592637,0.15063516480701722,0.11384156953371917,1.062168984280532,0.5130675884125466,0.7291504795816056,0.14773747035036383,0.12311205006803053,Local,-0.06668738613554481,False,False,0.7291504795816056,3-1,0.0793499568876767,False,True
