liga,event_id,partido,mercado,dispersion,overround,n_casas,n_lineas
soccer_spain_la_liga,0817220a8e0794e15ecba51338bb6cf8,Getafe vs Celta Vigo,h2h,0.007054073522195539,0.06181891824282859,36.0,1
soccer_spain_la_liga,0817220a8e0794e15ecba51338bb6cf8,Getafe vs Celta Vigo,h2h_lay,0.0,-0.011905704706845155,4.0,1
soccer_spain_la_liga,0817220a8e0794e15ecba51338bb6cf8,Getafe vs Celta Vigo,totals,0.009913359587330514,0.061728395061728225,11.0,1
soccer_spain_la_liga,095ea49c978f544d67fe23026a8e4907,CA Osasuna vs Espanyol,h2h,0.049824967007781516,0.0727794443719838,9.0,1
soccer_spain_la_liga,0eba3c2d3bcf1d1fe4ab3180a3d03152,Celta Vigo vs Málaga,h2h,0.006773761774503387,0.06490334287110056,27.0,1
soccer_spain_la_liga,0eba3c2d3bcf1d1fe4ab3180a3d03152,Celta Vigo vs Málaga,totals,0.004861609456188108,0.06442577030812324,9.0,1
soccer_spain_la_liga,1484e27f774c67d124acae27e82e60fa,Real Betis vs Real Madrid,h2h,0.010357728958577951,0.05960534898891057,35.0,1
soccer_spain_la_liga,1484e27f774c67d124acae27e82e60fa,Real Betis vs Real Madrid,h2h_lay,0.0,-0.007936507936507908,4.0,1
soccer_spain_la_liga,1484e27f774c67d124acae27e82e60fa,Real Betis vs Real Madrid,totals,0.004696635471324602,0.06758526447645608,14.0,1
soccer_spain_la_liga,14e37b5aaf6fec05a01f7e1309025a66,Real Sociedad vs Atlético Madrid,h2h,0.004447542107034098,0.0629863823366359,27.0,1
soccer_spain_la_liga,14e37b5aaf6fec05a01f7e1309025a66,Real Sociedad vs Atlético Madrid,totals,0.008955274595416878,0.06477620239088133,9.0,1
soccer_spain_la_liga,15e3bf25540c88237a06c03df1cb334b,Getafe vs Deportivo La Coruña,h2h,0.009635690582189072,0.0645509471454564,26.0,1
soccer_spain_la_liga,15e3bf25540c88237a06c03df1cb334b,Getafe vs Deportivo La Coruña,totals,0.0030756143709631456,0.06430155210643007,7.0,1
soccer_spain_la_liga,21d097a6de34ab1f68bf4c9380757fcc,Málaga vs Levante,h2h,0.006422863144945314,0.059591030364835484,36.0,1
soccer_spain_la_liga,21d097a6de34ab1f68bf4c9380757fcc,Málaga vs Levante,h2h_lay,0.0,-0.008084926884139532,4.0,1
soccer_spain_la_liga,21d097a6de34ab1f68bf4c9380757fcc,Málaga vs Levante,totals,0.012297991171802351,0.06323132313231339,16.0,1
soccer_spain_la_liga,3a2b53cf7ad98755cf07c3eac948b056,Athletic Bilbao vs Atlético Madrid,h2h,0.0035898729967096354,0.05942376950780304,36.0,1
soccer_spain_la_liga,3a2b53cf7ad98755cf07c3eac948b056,Athletic Bilbao vs Atlético Madrid,h2h_lay,0.0006119685832995289,-0.009737985147821204,4.0,1
soccer_spain_la_liga,3a2b53cf7ad98755cf07c3eac948b056,Athletic Bilbao vs Atlético Madrid,spreads,0.0027041174712047556,0.026419837134403323,5.0,1
soccer_spain_la_liga,3a2b53cf7ad98755cf07c3eac948b056,Athletic Bilbao vs Atlético Madrid,totals,0.009462720949582972,0.06434177621111248,16.0,1
soccer_spain_la_liga,50cc233d42943dcf77315adb0aaa6c09,Real Racing Club de Santander vs Alavés,h2h,0.009866676598328324,0.06554818571985965,29.0,1
soccer_spain_la_liga,50cc233d42943dcf77315adb0aaa6c09,Real Racing Club de Santander vs Alavés,totals,0.009386306741119812,0.06410074996462423,12.0,1
soccer_spain_la_liga,5a4aaa142d12a350f302f2fb62fef0b3,Real Sociedad vs Celta Vigo,h2h,0.006260614884998384,0.05893373058866036,36.0,1
soccer_spain_la_liga,5a4aaa142d12a350f302f2fb62fef0b3,Real Sociedad vs Celta Vigo,h2h_lay,0.0,-0.003697362217424782,4.0,1
soccer_spain_la_liga,5a4aaa142d12a350f302f2fb62fef0b3,Real Sociedad vs Celta Vigo,totals,0.005657959012838261,0.06434177621111248,16.0,1
soccer_spain_la_liga,6406438af00a2a42a81d6b2f1656d474,Levante vs Barcelona,h2h,0.012464576781696247,0.062373285629099495,27.0,1
soccer_spain_la_liga,6406438af00a2a42a81d6b2f1656d474,Levante vs Barcelona,totals,0.007506445171807586,0.06758526447645608,9.0,1
soccer_spain_la_liga,69178ef705263258d50abce330d9101f,Athletic Bilbao vs Elche CF,h2h,0.009520290677897258,0.06959706959706957,21.0,1
soccer_spain_la_liga,69178ef705263258d50abce330d9101f,Athletic Bilbao vs Elche CF,totals,0.0062852562620180335,0.06575963718820876,9.0,1
soccer_spain_la_liga,73639380311449b9494a3230cf1356ba,Valencia vs Barcelona,h2h,0.01253450255657778,0.06098771503332989,36.0,1
soccer_spain_la_liga,73639380311449b9494a3230cf1356ba,Valencia vs Barcelona,h2h_lay,0.0011174014483483995,-0.014148009950248785,4.0,1
soccer_spain_la_liga,73639380311449b9494a3230cf1356ba,Valencia vs Barcelona,totals,0.010141500406214223,0.06251752172694136,14.0,1
soccer_spain_la_liga,79bc2eff76fa09664659765d5b1ded1a,Sevilla vs Valencia,h2h,0.008049083617039472,0.060452549814251855,17.0,1
soccer_spain_la_liga,79bc2eff76fa09664659765d5b1ded1a,Sevilla vs Valencia,totals,0.005354073616981203,0.06601731601731609,7.0,1
soccer_spain_la_liga,823ef5c97dc93ff1e8fd7dbafb90c9d5,Espanyol vs Sevilla,h2h,0.006893570011467834,0.05978260869565233,36.0,1
soccer_spain_la_liga,823ef5c97dc93ff1e8fd7dbafb90c9d5,Espanyol vs Sevilla,h2h_lay,0.0010103706604441265,-0.005260640841702524,4.0,1
soccer_spain_la_liga,823ef5c97dc93ff1e8fd7dbafb90c9d5,Espanyol vs Sevilla,totals,0.011959748998667445,0.07041492093526158,12.0,1
soccer_spain_la_liga,98222f8385c445cb0cbfae0ab9073abd,Athletic Bilbao vs Elche CF,h2h,0.010112399354160058,0.06921850079744818,5.0,1
soccer_spain_la_liga,988bf24f295c26c84ff1890b0df16cdf,CA Osasuna vs Espanyol,h2h,0.008147982677943122,0.06406138616163881,17.0,1
soccer_spain_la_liga,988bf24f295c26c84ff1890b0df16cdf,CA Osasuna vs Espanyol,totals,0.007582367112439235,0.06490872210953347,7.0,1
soccer_spain_la_liga,9b2649e0420d4d0fe486d8751bef8c57,Elche CF vs Real Sociedad,h2h,0.005224068630055389,0.05892449113725862,36.0,1
soccer_spain_la_liga,9b2649e0420d4d0fe486d8751bef8c57,Elche CF vs Real Sociedad,h2h_lay,0.0011390284757118823,-0.012896825396825351,4.0,1
soccer_spain_la_liga,9b2649e0420d4d0fe486d8751bef8c57,Elche CF vs Real Sociedad,totals,0.008817847937573377,0.06706887538962591,16.0,1
soccer_spain_la_liga,a2b7ba5696cd299b4f44da1dcb77f1f5,Villarreal vs Deportivo La Coruña,h2h,0.007901773256299538,0.05727599706857989,35.0,1
soccer_spain_la_liga,a2b7ba5696cd299b4f44da1dcb77f1f5,Villarreal vs Deportivo La Coruña,h2h_lay,0.0,-0.007180882180882198,4.0,1
soccer_spain_la_liga,a2b7ba5696cd299b4f44da1dcb77f1f5,Villarreal vs Deportivo La Coruña,totals,0.0027093627191598787,0.06499516135739036,14.0,1
soccer_spain_la_liga,aa0e2541144928205ab6d870953d42c2,Villarreal vs Real Betis,h2h,0.036273862766318436,0.06839947761735465,22.0,1
soccer_spain_la_liga,aa0e2541144928205ab6d870953d42c2,Villarreal vs Real Betis,totals,0.0063964968492197915,0.0635964912280702,8.0,1
soccer_spain_la_liga,aa32fa72ecc88644071b556b333fb28a,Sevilla vs Valencia,h2h,0.014694306500809905,0.08061594202898559,9.0,1
soccer_spain_la_liga,cc2d83728ebda9924e83fe6a3d4642a5,Alavés vs CA Osasuna,h2h,0.0056300239787753364,0.05739834541561939,36.0,1
soccer_spain_la_liga,cc2d83728ebda9924e83fe6a3d4642a5,Alavés vs CA Osasuna,h2h_lay,0.0,-0.014536599763872449,4.0,1
soccer_spain_la_liga,cc2d83728ebda9924e83fe6a3d4642a5,Alavés vs CA Osasuna,totals,0.003634334548257896,0.05142350637002485,7.5,2
soccer_spain_la_liga,d824443a97dfe00630e64d166b01493c,Rayo Vallecano vs Real Racing Club de Santander,h2h,0.005344377419652391,0.05602240896358546,35.0,1
soccer_spain_la_liga,d824443a97dfe00630e64d166b01493c,Rayo Vallecano vs Real Racing Club de Santander,h2h_lay,0.0,-0.005245146090216535,4.0,1
soccer_spain_la_liga,d824443a97dfe00630e64d166b01493c,Rayo Vallecano vs Real Racing Club de Santander,totals,0.007288304040703934,0.06138800276553569,16.0,1
soccer_spain_la_liga,fc0154734861d4a222bdb50e15d2bee2,Real Madrid vs Rayo Vallecano,h2h,0.019589493449809123,0.06803025191183087,26.0,1
soccer_spain_la_liga,fc0154734861d4a222bdb50e15d2bee2,Real Madrid vs Rayo Vallecano,totals,0.017825961209780715,0.06667425190579124,9.0,1
soccer_spain_la_liga,0817220a8e0794e15ecba51338bb6cf8,Getafe vs Celta Vigo,alternate_totals,0.010574241451572371,0.07112144612144611,11.0,5
soccer_spain_la_liga,0817220a8e0794e15ecba51338bb6cf8,Getafe vs Celta Vigo,btts,0.011233522071590861,0.07553916638730573,15.0,1
soccer_spain_la_liga,0817220a8e0794e15ecba51338bb6cf8,Getafe vs Celta Vigo,double_chance,0.003997446964928292,1.1341691482168805,9.0,1
soccer_spain_la_liga,0817220a8e0794e15ecba51338bb6cf8,Getafe vs Celta Vigo,h2h,0.007057874418465081,0.06181891824282859,36.0,1
soccer_spain_la_liga,1484e27f774c67d124acae27e82e60fa,Real Betis vs Real Madrid,alternate_totals,0.008147476533350248,0.0742314037233815,14.0,6
soccer_spain_la_liga,1484e27f774c67d124acae27e82e60fa,Real Betis vs Real Madrid,btts,0.011633522104607321,0.07376283846872078,15.0,1
soccer_spain_la_liga,1484e27f774c67d124acae27e82e60fa,Real Betis vs Real Madrid,double_chance,0.004913958037051567,1.1101429254556079,9.0,1
soccer_spain_la_liga,1484e27f774c67d124acae27e82e60fa,Real Betis vs Real Madrid,h2h,0.010357728958577951,0.05960534898891057,35.0,1
soccer_spain_la_liga,21d097a6de34ab1f68bf4c9380757fcc,Málaga vs Levante,alternate_totals,0.012023382630940911,0.07075732508904276,13.0,6
soccer_spain_la_liga,21d097a6de34ab1f68bf4c9380757fcc,Málaga vs Levante,btts,0.010374061846698727,0.0714285714285714,15.0,1
soccer_spain_la_liga,21d097a6de34ab1f68bf4c9380757fcc,Málaga vs Levante,double_chance,0.002102895866476871,1.1197601847756644,9.0,1
soccer_spain_la_liga,21d097a6de34ab1f68bf4c9380757fcc,Málaga vs Levante,h2h,0.006422863144945314,0.059591030364835484,36.0,1
soccer_spain_la_liga,3a2b53cf7ad98755cf07c3eac948b056,Athletic Bilbao vs Atlético Madrid,alternate_totals,0.01131911875149356,0.07183906026280074,13.0,6
soccer_spain_la_liga,3a2b53cf7ad98755cf07c3eac948b056,Athletic Bilbao vs Atlético Madrid,btts,0.010541623996027654,0.07182940516273839,15.0,1
soccer_spain_la_liga,3a2b53cf7ad98755cf07c3eac948b056,Athletic Bilbao vs Atlético Madrid,double_chance,0.0017381722916488967,1.132867132867133,9.0,1
soccer_spain_la_liga,3a2b53cf7ad98755cf07c3eac948b056,Athletic Bilbao vs Atlético Madrid,h2h,0.0035898729967096354,0.05942376950780304,36.0,1
soccer_spain_la_liga,50cc233d42943dcf77315adb0aaa6c09,Real Racing Club de Santander vs Alavés,alternate_totals,0.008099902636241673,0.07463714439428615,9.5,6
soccer_spain_la_liga,50cc233d42943dcf77315adb0aaa6c09,Real Racing Club de Santander vs Alavés,btts,0.007191078869691193,0.07957162597881151,13.0,1
soccer_spain_la_liga,50cc233d42943dcf77315adb0aaa6c09,Real Racing Club de Santander vs Alavés,double_chance,0.006735628588075489,1.1811134279582478,7.0,1
soccer_spain_la_liga,50cc233d42943dcf77315adb0aaa6c09,Real Racing Club de Santander vs Alavés,h2h,0.009866676598328324,0.06554818571985965,29.0,1
soccer_spain_la_liga,5a4aaa142d12a350f302f2fb62fef0b3,Real Sociedad vs Celta Vigo,alternate_totals,0.010209614376885641,0.06405259472209934,11.5,6
soccer_spain_la_liga,5a4aaa142d12a350f302f2fb62fef0b3,Real Sociedad vs Celta Vigo,btts,0.008241558937801135,0.07499287140005695,15.0,1
soccer_spain_la_liga,5a4aaa142d12a350f302f2fb62fef0b3,Real Sociedad vs Celta Vigo,double_chance,0.00465391230988645,1.1156062437103034,10.0,1
soccer_spain_la_liga,5a4aaa142d12a350f302f2fb62fef0b3,Real Sociedad vs Celta Vigo,h2h,0.006307117797368453,0.05893373058866036,36.0,1
soccer_spain_la_liga,69178ef705263258d50abce330d9101f,Athletic Bilbao vs Elche CF,alternate_totals,0.0068648219881745865,0.0783461607765013,6.0,4
soccer_spain_la_liga,69178ef705263258d50abce330d9101f,Athletic Bilbao vs Elche CF,btts,0.004841388845966434,0.08999108999108985,7.0,1
soccer_spain_la_liga,69178ef705263258d50abce330d9101f,Athletic Bilbao vs Elche CF,double_chance,0.0008760043989595633,1.1826647275077766,4.0,1
soccer_spain_la_liga,69178ef705263258d50abce330d9101f,Athletic Bilbao vs Elche CF,h2h,0.009520290677897258,0.06959706959706957,21.0,1
soccer_spain_la_liga,73639380311449b9494a3230cf1356ba,Valencia vs Barcelona,alternate_totals,0.011889268340360236,0.06862745098039214,11.0,7
soccer_spain_la_liga,73639380311449b9494a3230cf1356ba,Valencia vs Barcelona,btts,0.050963724987685755,0.0741077517617641,15.0,1
soccer_spain_la_liga,73639380311449b9494a3230cf1356ba,Valencia vs Barcelona,double_chance,0.006453200653141173,1.1148027247387797,9.0,1
soccer_spain_la_liga,73639380311449b9494a3230cf1356ba,Valencia vs Barcelona,h2h,0.01253450255657778,0.06098771503332989,36.0,1
soccer_spain_la_liga,79bc2eff76fa09664659765d5b1ded1a,Sevilla vs Valencia,alternate_totals,0.00854105344093457,0.09487566956607218,5.0,3
soccer_spain_la_liga,79bc2eff76fa09664659765d5b1ded1a,Sevilla vs Valencia,btts,0.001440584592644849,0.08900956203517874,4.0,1
soccer_spain_la_liga,79bc2eff76fa09664659765d5b1ded1a,Sevilla vs Valencia,h2h,0.008049083617039472,0.060452549814251855,17.0,1
soccer_spain_la_liga,823ef5c97dc93ff1e8fd7dbafb90c9d5,Espanyol vs Sevilla,alternate_totals,0.0112564655667075,0.07193682504448318,12.5,6
soccer_spain_la_liga,823ef5c97dc93ff1e8fd7dbafb90c9d5,Espanyol vs Sevilla,btts,0.006581552624654867,0.07644485378770449,15.0,1
soccer_spain_la_liga,823ef5c97dc93ff1e8fd7dbafb90c9d5,Espanyol vs Sevilla,double_chance,0.004786504993454611,1.129524886877828,9.0,1
soccer_spain_la_liga,823ef5c97dc93ff1e8fd7dbafb90c9d5,Espanyol vs Sevilla,h2h,0.006893570011467834,0.05978260869565233,36.0,1
soccer_spain_la_liga,988bf24f295c26c84ff1890b0df16cdf,CA Osasuna vs Espanyol,alternate_totals,0.004181977223863403,0.08613839577639087,4.5,2
soccer_spain_la_liga,988bf24f295c26c84ff1890b0df16cdf,CA Osasuna vs Espanyol,btts,0.001399120133375495,0.09031491384432555,4.0,1
soccer_spain_la_liga,988bf24f295c26c84ff1890b0df16cdf,CA Osasuna vs Espanyol,h2h,0.008147982677943122,0.06406138616163881,17.0,1
soccer_spain_la_liga,9b2649e0420d4d0fe486d8751bef8c57,Elche CF vs Real Sociedad,alternate_totals,0.010130383123025609,0.07347001250790608,12.5,6
soccer_spain_la_liga,9b2649e0420d4d0fe486d8751bef8c57,Elche CF vs Real Sociedad,btts,0.00887933897068422,0.07604017216642767,15.0,1
soccer_spain_la_liga,9b2649e0420d4d0fe486d8751bef8c57,Elche CF vs Real Sociedad,double_chance,0.0023120793644528545,1.1320453986286276,9.0,1
soccer_spain_la_liga,9b2649e0420d4d0fe486d8751bef8c57,Elche CF vs Real Sociedad,h2h,0.005224068630055389,0.05892449113725862,36.0,1
soccer_spain_la_liga,a2b7ba5696cd299b4f44da1dcb77f1f5,Villarreal vs Deportivo La Coruña,alternate_totals,0.014725993998218669,0.07152561553563169,10.5,6
soccer_spain_la_liga,a2b7ba5696cd299b4f44da1dcb77f1f5,Villarreal vs Deportivo La Coruña,btts,0.03891129240265927,0.0783629810487152,15.0,1
soccer_spain_la_liga,a2b7ba5696cd299b4f44da1dcb77f1f5,Villarreal vs Deportivo La Coruña,double_chance,0.005098371286173785,1.1195040446377345,9.0,1
soccer_spain_la_liga,a2b7ba5696cd299b4f44da1dcb77f1f5,Villarreal vs Deportivo La Coruña,h2h,0.007901773256299538,0.05727599706857989,35.0,1
soccer_spain_la_liga,cc2d83728ebda9924e83fe6a3d4642a5,Alavés vs CA Osasuna,alternate_totals,0.010700090426212155,0.07174641701340734,13.0,5
soccer_spain_la_liga,cc2d83728ebda9924e83fe6a3d4642a5,Alavés vs CA Osasuna,btts,0.010780269916566044,0.07471264367816088,15.0,1
soccer_spain_la_liga,cc2d83728ebda9924e83fe6a3d4642a5,Alavés vs CA Osasuna,double_chance,0.0023662671484611726,1.1256428993001881,9.0,1
soccer_spain_la_liga,cc2d83728ebda9924e83fe6a3d4642a5,Alavés vs CA Osasuna,h2h,0.0056300239787753364,0.05739834541561939,36.0,1
soccer_spain_la_liga,d824443a97dfe00630e64d166b01493c,Rayo Vallecano vs Real Racing Club de Santander,alternate_totals,0.011238940951979803,0.06662932646619663,11.5,6
soccer_spain_la_liga,d824443a97dfe00630e64d166b01493c,Rayo Vallecano vs Real Racing Club de Santander,btts,0.011745917239650957,0.0752685227678902,14.0,1
soccer_spain_la_liga,d824443a97dfe00630e64d166b01493c,Rayo Vallecano vs Real Racing Club de Santander,double_chance,0.0016571734946978398,1.123468442486847,9.0,1
soccer_spain_la_liga,d824443a97dfe00630e64d166b01493c,Rayo Vallecano vs Real Racing Club de Santander,h2h,0.005344377419652391,0.05602240896358546,35.0,1
soccer_epl,14f6639178a943ac614c7b872bf6e4d6,Crystal Palace vs Ipswich Town,alternate_totals,0.007734313602572554,0.06785707930746088,0.056844555972456724,9.5,6
soccer_epl,14f6639178a943ac614c7b872bf6e4d6,Crystal Palace vs Ipswich Town,btts,0.007782272618863186,0.07803468208092479,0.040805860805860905,13.0,1
soccer_epl,14f6639178a943ac614c7b872bf6e4d6,Crystal Palace vs Ipswich Town,h2h,0.0076309771358711335,0.06657983884987706,0.07532200981818356,28.0,1
soccer_epl,21fd24ad6732df00774304a046d84fe9,Hull City vs Aston Villa,alternate_totals,0.010254555394263868,0.07241615059398943,0.07130367881696531,15.5,6
soccer_epl,21fd24ad6732df00774304a046d84fe9,Hull City vs Aston Villa,btts,0.006639010886492703,0.07647907647907637,0.057377521613832916,19.0,1
soccer_epl,21fd24ad6732df00774304a046d84fe9,Hull City vs Aston Villa,h2h,0.005563597197802351,0.06062079672635434,0.0511296296296296,39.0,1
soccer_epl,29f81160baf6a97d6391d7172fad2425,Brentford vs Sunderland,alternate_totals,0.007753353132548335,0.06449106449106456,0.0853702600695857,13.0,7
soccer_epl,29f81160baf6a97d6391d7172fad2425,Brentford vs Sunderland,btts,0.008588310918739517,0.07576633892423357,0.04934375672380409,19.0,1
soccer_epl,29f81160baf6a97d6391d7172fad2425,Brentford vs Sunderland,h2h,0.005827185009709715,0.06074899942824463,0.07884710917497799,39.0,1
soccer_epl,3b81531990da7ea3e461c43e8827672b,Brighton and Hove Albion vs Leeds United,alternate_totals,0.010220105666788009,0.07369817863312161,0.0711255784993959,15.5,6
soccer_epl,3b81531990da7ea3e461c43e8827672b,Brighton and Hove Albion vs Leeds United,btts,0.00795148705758743,0.07499287140005695,0.05150917227870011,19.0,1
soccer_epl,3b81531990da7ea3e461c43e8827672b,Brighton and Hove Albion vs Leeds United,h2h,0.006530767997686479,0.06063796629377349,0.06040740740740739,39.0,1
soccer_epl,3db5f919507eb8ab0c8c72bddaca8f08,Manchester City vs Coventry City,alternate_totals,0.010485160131017992,0.06870525988173037,0.09014551775914395,13.0,8
soccer_epl,3db5f919507eb8ab0c8c72bddaca8f08,Manchester City vs Coventry City,btts,0.012368607194825083,0.07539315448658646,0.06676822072990196,19.0,1
soccer_epl,3db5f919507eb8ab0c8c72bddaca8f08,Manchester City vs Coventry City,h2h,0.01145249042379433,0.0570028011204482,0.169925245874613,39.0,1
soccer_epl,5163190733dcaaea80474e43cbe20a51,Chelsea vs Hull City,alternate_totals,0.038580426667905836,0.07226107226107215,0.05729934962016211,9.0,7
soccer_epl,5163190733dcaaea80474e43cbe20a51,Chelsea vs Hull City,btts,0.009205489195444526,0.07911576497963946,0.04341468818077743,13.0,1
soccer_epl,5163190733dcaaea80474e43cbe20a51,Chelsea vs Hull City,h2h,0.010071234846755412,0.06168970814132102,0.13442256146365908,30.0,1
soccer_epl,625c096fabb6047cbeb082dab9affce4,Ipswich Town vs Liverpool,alternate_totals,0.010001976976250262,0.06766917293233088,0.10405106984514863,15.0,7
soccer_epl,625c096fabb6047cbeb082dab9affce4,Ipswich Town vs Liverpool,btts,0.009542094938036243,0.07553569951187233,0.06648357776166836,19.0,1
soccer_epl,625c096fabb6047cbeb082dab9affce4,Ipswich Town vs Liverpool,h2h,0.008995219887680324,0.05763517528223416,0.07713595948890066,39.0,1
soccer_epl,63da4075a4ae406575fd3086b839fe49,Liverpool vs Fulham,alternate_totals,0.04187611889253923,0.07110507246376807,0.0550984604356486,9.0,7
soccer_epl,63da4075a4ae406575fd3086b839fe49,Liverpool vs Fulham,btts,0.006475158517650036,0.07538926851125805,0.054134745380802096,13.0,1
soccer_epl,63da4075a4ae406575fd3086b839fe49,Liverpool vs Fulham,h2h,0.007437349703468095,0.06684815486993356,0.07990651368906694,30.0,1
soccer_epl,686358c484cc44fe8e617674c335d531,Newcastle United vs Bournemouth,alternate_totals,0.008255389687087276,0.07232116616704876,0.06729352544159649,15.0,7
soccer_epl,686358c484cc44fe8e617674c335d531,Newcastle United vs Bournemouth,btts,0.009756849141823289,0.07467258132657362,0.057885521885521984,19.0,1
soccer_epl,686358c484cc44fe8e617674c335d531,Newcastle United vs Bournemouth,h2h,0.006151078957843645,0.0601920847822488,0.0658259452935402,39.0,1
soccer_epl,78d4dfda8c2dc27bdc3ec26c2654f8fc,Arsenal vs Chelsea,alternate_totals,0.008904669838080569,0.06667390989424904,0.08501467822299989,15.0,7
soccer_epl,78d4dfda8c2dc27bdc3ec26c2654f8fc,Arsenal vs Chelsea,btts,0.007569192450330942,0.07471264367816088,0.0622413793103449,19.0,1
soccer_epl,78d4dfda8c2dc27bdc3ec26c2654f8fc,Arsenal vs Chelsea,h2h,0.006363785909686334,0.05616476954727734,0.06535947712418307,39.0,1
soccer_epl,8ea6c863f1852654399073b518b0a1f8,Everton vs Manchester United,alternate_totals,0.009184777100423466,0.07379653554313215,0.08617887616392919,15.0,7
soccer_epl,8ea6c863f1852654399073b518b0a1f8,Everton vs Manchester United,btts,0.009568808194708638,0.07434583967880393,0.06529723000311227,19.0,1
soccer_epl,8ea6c863f1852654399073b518b0a1f8,Everton vs Manchester United,h2h,0.00683383395689533,0.05699855699855694,0.0596198156682027,39.0,1
soccer_epl,8f68612bf47c3193e7fa2d8783e79373,Fulham vs Crystal Palace,alternate_totals,0.009366112181140977,0.07404904904904902,0.0795676442498343,15.5,6
soccer_epl,8f68612bf47c3193e7fa2d8783e79373,Fulham vs Crystal Palace,btts,0.0089208454166138,0.07499287140005695,0.06537966537966533,19.0,1
soccer_epl,8f68612bf47c3193e7fa2d8783e79373,Fulham vs Crystal Palace,h2h,0.004059541252038353,0.06114273666455827,0.05016980420108186,39.0,1
soccer_epl,a6f2622727548c33369cc15c88b2aabd,Nottingham Forest vs Tottenham Hotspur,alternate_totals,0.011293333749061815,0.06714159846043266,0.09517958230887008,14.5,6
soccer_epl,a6f2622727548c33369cc15c88b2aabd,Nottingham Forest vs Tottenham Hotspur,btts,0.00905194237510652,0.07308418703141983,0.06365553149069847,19.0,1
soccer_epl,a6f2622727548c33369cc15c88b2aabd,Nottingham Forest vs Tottenham Hotspur,h2h,0.005370851305046269,0.05775401069518726,0.06545710561839597,39.0,1
soccer_epl,d09677edcf1fb82ad75a8df58bb26eab,Aston Villa vs Nottingham Forest,alternate_totals,0.033167860694043864,0.07332285369369768,0.04593146125137635,9.5,6
soccer_epl,d09677edcf1fb82ad75a8df58bb26eab,Aston Villa vs Nottingham Forest,btts,0.011495736691486583,0.08328479906814223,0.02877192982456145,13.0,1
soccer_epl,d09677edcf1fb82ad75a8df58bb26eab,Aston Villa vs Nottingham Forest,h2h,0.005706984361727291,0.06883832706201476,0.05635206151024582,30.0,1
soccer_epl,d856d4353db0b4cca2a49b96dfd19c92,Bournemouth vs Brentford,alternate_totals,0.007089952227305388,0.06954166882610535,0.061739974038540035,9.0,7
soccer_epl,d856d4353db0b4cca2a49b96dfd19c92,Bournemouth vs Brentford,btts,0.0046315200188587645,0.07518281574233066,0.03431372549019618,12.0,1
soccer_epl,d856d4353db0b4cca2a49b96dfd19c92,Bournemouth vs Brentford,h2h,0.005257009992189444,0.06630552546045498,0.06034597327555069,27.0,1
soccer_italy_serie_a,0a38804cd2bc164ea02c56cf06ae2545,Inter Milan vs Napoli,alternate_totals,0.012059144871008084,0.06720495344650335,0.09372924138333055,13.0,6
soccer_italy_serie_a,0a38804cd2bc164ea02c56cf06ae2545,Inter Milan vs Napoli,btts,0.008365833439277149,0.07471264367816088,0.052857142857142825,15.0,1
soccer_italy_serie_a,0a38804cd2bc164ea02c56cf06ae2545,Inter Milan vs Napoli,h2h,0.00967896378248406,0.062123136886969466,0.08185978028235086,38.0,1
soccer_italy_serie_a,15615edb9f0c34cb8083768aebeb727b,AS Roma vs Atalanta BC,alternate_totals,0.009654427091859192,0.06893607903010268,0.07908543276272295,13.0,6
soccer_italy_serie_a,15615edb9f0c34cb8083768aebeb727b,AS Roma vs Atalanta BC,btts,0.006564513775056811,0.075548616532223,0.0586215775469916,14.0,1
soccer_italy_serie_a,15615edb9f0c34cb8083768aebeb727b,AS Roma vs Atalanta BC,h2h,0.008019419049732164,0.06325475926804836,0.06580417626929262,37.0,1
soccer_italy_serie_a,1c8ac5c8817391497ad6432804f9b62d,Sassuolo vs Juventus,alternate_totals,0.006801512535571238,0.07725664726691761,0.02407956492119982,5.0,3
soccer_italy_serie_a,1c8ac5c8817391497ad6432804f9b62d,Sassuolo vs Juventus,btts,0.004167650276682676,0.07911576497963946,0.010700082968557734,5.0,1
soccer_italy_serie_a,1c8ac5c8817391497ad6432804f9b62d,Sassuolo vs Juventus,h2h,0.00830159775487073,0.07517111338767402,0.05033891547049444,11.0,1
soccer_italy_serie_a,238eaabc2b2e492f6cce5bcfeaa09405,Parma vs Monza,alternate_totals,0.012205878635970302,0.07606658047834525,0.07335695014693773,12.5,6
soccer_italy_serie_a,238eaabc2b2e492f6cce5bcfeaa09405,Parma vs Monza,btts,0.013796522772403832,0.07308418703141983,0.06078643578643583,14.0,1
soccer_italy_serie_a,238eaabc2b2e492f6cce5bcfeaa09405,Parma vs Monza,h2h,0.005237169946092266,0.06407724380074598,0.05846095180536522,37.0,1
soccer_italy_serie_a,3dba40cdf22e962c0f6f6c940ef01850,Genoa vs Frosinone,alternate_totals,0.009133439158560288,0.08154761904761898,0.06790274095452573,7.0,5
soccer_italy_serie_a,3dba40cdf22e962c0f6f6c940ef01850,Genoa vs Frosinone,btts,0.0018478968448499076,0.07803468208092479,0.01867052023121385,10.0,1
soccer_italy_serie_a,3dba40cdf22e962c0f6f6c940ef01850,Genoa vs Frosinone,h2h,0.006780839770019555,0.06767370970506248,0.062429316295806725,26.0,1
soccer_italy_serie_a,60776ba6c26557c9c5e6a34ae72e2ec8,Bologna vs Sassuolo,alternate_totals,0.01039640532964879,0.0692031380104775,0.08717001401365258,12.5,6
soccer_italy_serie_a,60776ba6c26557c9c5e6a34ae72e2ec8,Bologna vs Sassuolo,btts,0.0033087334695834462,0.07369027058146238,0.05627518710420265,15.0,1
soccer_italy_serie_a,60776ba6c26557c9c5e6a34ae72e2ec8,Bologna vs Sassuolo,h2h,0.006988025811642149,0.0607843137254902,0.06292715058017413,38.0,1
soccer_italy_serie_a,6ea42c8a7fc2ee56698595c40c705e75,Frosinone vs Venezia,alternate_totals,0.012157759472530541,0.07365074973484081,0.06968156404401599,11.5,6
soccer_italy_serie_a,6ea42c8a7fc2ee56698595c40c705e75,Frosinone vs Venezia,btts,0.008095729372929504,0.07499287140005695,0.06020815511833477,15.0,1
soccer_italy_serie_a,6ea42c8a7fc2ee56698595c40c705e75,Frosinone vs Venezia,h2h,0.004541126803574465,0.05896358543417379,0.06814834916327454,38.0,1
soccer_italy_serie_a,8acf5c039c4ab96357d35a665883705a,Genoa vs Como,alternate_totals,0.011069414211823876,0.06967067200712063,0.14124928105530032,13.0,6
soccer_italy_serie_a,8acf5c039c4ab96357d35a665883705a,Genoa vs Como,btts,0.011099087383546848,0.07499287140005695,0.052840828986324695,15.0,1
soccer_italy_serie_a,8acf5c039c4ab96357d35a665883705a,Genoa vs Como,h2h,0.008798659259850272,0.06127704732961514,0.07746601267665561,38.0,1
soccer_italy_serie_a,8f751e96142db860ba66bbea713baf50,Cagliari vs Lecce,alternate_totals,0.012067948690928748,0.07290656423862957,0.06945118212484123,12.5,6
soccer_italy_serie_a,8f751e96142db860ba66bbea713baf50,Cagliari vs Lecce,btts,0.011472470440069505,0.07499287140005695,0.059808953521528374,15.0,1
soccer_italy_serie_a,8f751e96142db860ba66bbea713baf50,Cagliari vs Lecce,h2h,0.008038383317131286,0.0625,0.0687032047789146,38.0,1
soccer_italy_serie_a,9837f5ef9e30ed8b1729c4cf606137ec,Juventus vs AC Milan,alternate_totals,0.009858780524129779,0.0747004402508345,0.08193994630651162,12.5,6
soccer_italy_serie_a,9837f5ef9e30ed8b1729c4cf606137ec,Juventus vs AC Milan,btts,0.0060372872660952705,0.07604639726938767,0.0586215775469916,15.0,1
soccer_italy_serie_a,9837f5ef9e30ed8b1729c4cf606137ec,Juventus vs AC Milan,h2h,0.007116264837830104,0.06436624156357396,0.06385281385281383,38.0,1
soccer_italy_serie_a,a9656d25ca6b06be9e477a098333bd70,Venezia vs Fiorentina,alternate_totals,0.038932013763670094,0.07808564830987996,0.05400498676606117,8.0,6
soccer_italy_serie_a,a9656d25ca6b06be9e477a098333bd70,Venezia vs Fiorentina,btts,0.017141967918416663,0.07803468208092479,0.03479546930235922,11.0,1
soccer_italy_serie_a,a9656d25ca6b06be9e477a098333bd70,Venezia vs Fiorentina,h2h,0.010869901645246796,0.06500417821172544,0.054285232587119335,27.0,1
soccer_italy_serie_a,b412817739a87e18bf391bf6ccff6560,Lazio vs AC Milan,alternate_totals,0.008962130291010327,0.07792207792207795,0.08487195646656216,7.0,5
soccer_italy_serie_a,b412817739a87e18bf391bf6ccff6560,Lazio vs AC Milan,btts,0.007093000726745329,0.07911576497963946,0.03472222222222232,10.0,1
soccer_italy_serie_a,b412817739a87e18bf391bf6ccff6560,Lazio vs AC Milan,h2h,0.010548825368906084,0.07907841683932759,0.08112356053532525,24.0,1
soccer_italy_serie_a,bcba4bd1f336226972bd9c4b59d0d77e,Udinese vs Lazio,alternate_totals,0.011610798633802419,0.07522375871306353,0.08212227226380824,12.5,6
soccer_italy_serie_a,bcba4bd1f336226972bd9c4b59d0d77e,Udinese vs Lazio,btts,0.009536015013090262,0.07679393290300185,0.04913336198252405,15.0,1
soccer_italy_serie_a,bcba4bd1f336226972bd9c4b59d0d77e,Udinese vs Lazio,h2h,0.0058216243756723995,0.06195199051640854,0.05549957469083311,38.0,1
soccer_italy_serie_a,cf4132fe69a1fb7d83fe0b38ae612076,Fiorentina vs Torino,alternate_totals,0.010914158744365972,0.06987349447116359,0.08933469354620728,12.5,6
soccer_italy_serie_a,cf4132fe69a1fb7d83fe0b38ae612076,Fiorentina vs Torino,btts,0.00910726731785461,0.07638888888888884,0.054915648632926084,15.0,1
soccer_italy_serie_a,cf4132fe69a1fb7d83fe0b38ae612076,Fiorentina vs Torino,h2h,0.0074742927927972,0.061020602744268904,0.0657634078004999,38.0,1
soccer_italy_serie_a,fd30ca2b96bfa088e51bffddeb3b6e56,Atalanta BC vs Cagliari,alternate_totals,0.00666852123822866,0.07750508565548775,0.046246583081793025,7.5,6
soccer_italy_serie_a,fd30ca2b96bfa088e51bffddeb3b6e56,Atalanta BC vs Cagliari,btts,0.007572621146149556,0.07651377674049087,0.034421863238955464,10.0,1
soccer_italy_serie_a,fd30ca2b96bfa088e51bffddeb3b6e56,Atalanta BC vs Cagliari,h2h,0.007484385420794655,0.06481481481481488,0.08226495726495726,28.0,1
soccer_germany_bundesliga,115c6679a72c5a360640b6baaa16e78c,Union Berlin vs FC Schalke 04,alternate_totals,0.020352015068365457,0.07832248785965479,0.06442157909793977,10.0,7
soccer_germany_bundesliga,115c6679a72c5a360640b6baaa16e78c,Union Berlin vs FC Schalke 04,btts,0.007348049618088495,0.07708836959441312,0.03952166452166461,13.0,1
soccer_germany_bundesliga,115c6679a72c5a360640b6baaa16e78c,Union Berlin vs FC Schalke 04,h2h,0.0107229756511817,0.07465645415634148,0.09145792133597008,30.0,1
soccer_germany_bundesliga,11ad11baf8085245daffc75714d90b54,Bayer Leverkusen vs Union Berlin,alternate_totals,0.010305103177776073,0.07112144612144611,0.0638370655441995,11.0,9
soccer_germany_bundesliga,11ad11baf8085245daffc75714d90b54,Bayer Leverkusen vs Union Berlin,btts,0.009389385379565296,0.07553916638730573,0.05040155081694819,15.0,1
soccer_germany_bundesliga,11ad11baf8085245daffc75714d90b54,Bayer Leverkusen vs Union Berlin,h2h,0.0068175174881136315,0.06944444444444442,0.07930707346690961,39.0,1
soccer_germany_bundesliga,1a1967df9869d19688686be9b5cad1ed,Werder Bremen vs RB Leipzig,alternate_totals,0.025978724203539756,0.07127734650670425,0.07655348708295812,11.0,9
soccer_germany_bundesliga,1a1967df9869d19688686be9b5cad1ed,Werder Bremen vs RB Leipzig,btts,0.00690692519336435,0.07467258132657362,0.047331240188383084,15.0,1
soccer_germany_bundesliga,1a1967df9869d19688686be9b5cad1ed,Werder Bremen vs RB Leipzig,h2h,0.00910850006270268,0.056832130196307284,0.07816951566951562,39.0,1
soccer_germany_bundesliga,1c52480330edcfb14490761a57928281,SC Paderborn vs SC Freiburg,alternate_totals,0.007470927776772496,0.06411011319288917,0.06042402234858836,11.0,9
soccer_germany_bundesliga,1c52480330edcfb14490761a57928281,SC Paderborn vs SC Freiburg,btts,0.00567225471205747,0.07434583967880393,0.05692925377267055,15.0,1
soccer_germany_bundesliga,1c52480330edcfb14490761a57928281,SC Paderborn vs SC Freiburg,h2h,0.00808349784360043,0.06421142706687721,0.0737832348314779,39.0,1
soccer_germany_bundesliga,1e9bad0a9f3e2e9ca4a12fecfff76a1d,FC Schalke 04 vs Bayern Munich,alternate_totals,0.00931568109595884,0.07591998165768654,0.05238470493335973,13.0,10
soccer_germany_bundesliga,1e9bad0a9f3e2e9ca4a12fecfff76a1d,FC Schalke 04 vs Bayern Munich,btts,0.01258554162051167,0.07471264367816088,0.05324543610547672,15.0,1
soccer_germany_bundesliga,1e9bad0a9f3e2e9ca4a12fecfff76a1d,FC Schalke 04 vs Bayern Munich,h2h,0.010399034022908735,0.05774853801169599,0.1816222141030326,39.0,1
soccer_germany_bundesliga,2240f9dbb1e05544f66815ec3e372e40,Borussia Monchengladbach vs Elversberg,alternate_totals,0.021818461412015443,0.06917445407544409,0.05064466478884046,11.5,10
soccer_germany_bundesliga,2240f9dbb1e05544f66815ec3e372e40,Borussia Monchengladbach vs Elversberg,btts,0.008175215710754774,0.07172528385488786,0.053246044735406506,15.0,1
soccer_germany_bundesliga,2240f9dbb1e05544f66815ec3e372e40,Borussia Monchengladbach vs Elversberg,h2h,0.00647478603940652,0.059605982168535965,0.07363636363636357,39.0,1
soccer_germany_bundesliga,2dfdb71b06263027a0823882bf1661d8,Borussia Dortmund vs SC Paderborn,alternate_totals,0.006975485276439979,0.076307061294554,0.047808640284468185,11.0,6
soccer_germany_bundesliga,2dfdb71b06263027a0823882bf1661d8,Borussia Dortmund vs SC Paderborn,btts,0.0058665478717146065,0.07644485378770449,0.029642857142857082,13.0,1
soccer_germany_bundesliga,2dfdb71b06263027a0823882bf1661d8,Borussia Dortmund vs SC Paderborn,h2h,0.009400533312499938,0.07058122205663198,0.13866120218579234,30.0,1
soccer_germany_bundesliga,4170df86e38cce05981284b914ce86d1,Eintracht Frankfurt vs Augsburg,alternate_totals,0.023276311949591368,0.06945577283970261,0.05676163278421974,11.0,9
soccer_germany_bundesliga,4170df86e38cce05981284b914ce86d1,Eintracht Frankfurt vs Augsburg,btts,0.0062691686475143905,0.07459572248304647,0.06502347417840382,15.0,1
soccer_germany_bundesliga,4170df86e38cce05981284b914ce86d1,Eintracht Frankfurt vs Augsburg,h2h,0.00482325000200507,0.06385296275912689,0.05495015290230346,39.0,1
soccer_germany_bundesliga,467fe6e71bc34a255dfb47e13b8fa34e,FSV Mainz 05 vs Eintracht Frankfurt,alternate_totals,0.03166444309391621,0.0714285714285714,0.06918527667373084,9.0,7
soccer_germany_bundesliga,467fe6e71bc34a255dfb47e13b8fa34e,FSV Mainz 05 vs Eintracht Frankfurt,btts,0.005317320291187166,0.07376283846872078,0.03518518518518521,13.0,1
soccer_germany_bundesliga,467fe6e71bc34a255dfb47e13b8fa34e,FSV Mainz 05 vs Eintracht Frankfurt,h2h,0.011026496996259879,0.07343049327354256,0.10518507008290245,30.0,1
soccer_germany_bundesliga,6d6a930505b05067ef8f6bc14a48bcc8,TSG Hoffenheim vs VfB Stuttgart,alternate_totals,0.007481364257992171,0.07804523533151453,0.055046415555662365,10.5,6
soccer_germany_bundesliga,6d6a930505b05067ef8f6bc14a48bcc8,TSG Hoffenheim vs VfB Stuttgart,btts,0.0496183771425442,0.07551487414187652,0.04233409610983985,13.0,1
soccer_germany_bundesliga,6d6a930505b05067ef8f6bc14a48bcc8,TSG Hoffenheim vs VfB Stuttgart,h2h,0.007581183112651203,0.07332287681739313,0.07843501288084857,30.0,1
soccer_germany_bundesliga,72559dd3c8eb2ae348c8d13e784e25b0,Hamburger SV vs FSV Mainz 05,alternate_totals,0.00959055924442136,0.07341040261576892,0.06341900192042653,13.0,9
soccer_germany_bundesliga,72559dd3c8eb2ae348c8d13e784e25b0,Hamburger SV vs FSV Mainz 05,btts,0.010702731216127368,0.07538926851125805,0.05341555977229606,15.0,1
soccer_germany_bundesliga,72559dd3c8eb2ae348c8d13e784e25b0,Hamburger SV vs FSV Mainz 05,h2h,0.007715190935860335,0.06343757945588613,0.07405218147223835,39.0,1
soccer_germany_bundesliga,98133182ffe74da0bd09dd9483a05dbb,Augsburg vs Bayer Leverkusen,alternate_totals,0.04352588747038972,0.07533889468196042,0.07440746869259833,10.0,7
soccer_germany_bundesliga,98133182ffe74da0bd09dd9483a05dbb,Augsburg vs Bayer Leverkusen,btts,0.01248845119216332,0.07792207792207795,0.049560513860716804,13.0,1
soccer_germany_bundesliga,98133182ffe74da0bd09dd9483a05dbb,Augsburg vs Bayer Leverkusen,h2h,0.005377310143568646,0.0714285714285714,0.08428536233414279,30.0,1
soccer_germany_bundesliga,a46f280a4c99eda4631e09ae7a7b50d0,SC Freiburg vs Borussia Monchengladbach,alternate_totals,0.018963416078598843,0.07436732554657088,0.08426698533173183,8.0,7
soccer_germany_bundesliga,a46f280a4c99eda4631e09ae7a7b50d0,SC Freiburg vs Borussia Monchengladbach,btts,0.006757370788406393,0.07376283846872078,0.04070006863417974,13.0,1
soccer_germany_bundesliga,a46f280a4c99eda4631e09ae7a7b50d0,SC Freiburg vs Borussia Monchengladbach,h2h,0.00620475607072037,0.07237311530505242,0.056915648632926086,30.0,1
soccer_germany_bundesliga,bdb14878ab273b21885de07fec24d7d2,VfB Stuttgart vs 1. FC Köln,alternate_totals,0.008607041753070505,0.0726757102903891,0.06739658343232592,14.5,8
soccer_germany_bundesliga,bdb14878ab273b21885de07fec24d7d2,VfB Stuttgart vs 1. FC Köln,btts,0.009190385011931586,0.07467258132657362,0.047193347193347224,15.0,1
soccer_germany_bundesliga,bdb14878ab273b21885de07fec24d7d2,VfB Stuttgart vs 1. FC Köln,h2h,0.008707666015801785,0.05901116427432207,0.10414960414960424,39.0,1
soccer_germany_bundesliga,da7576d88856817ab0e8d8b71cb4a89a,TSG Hoffenheim vs Borussia Dortmund,alternate_totals,0.025109340493641517,0.06756756756756754,0.06636680097106243,11.0,9
soccer_germany_bundesliga,da7576d88856817ab0e8d8b71cb4a89a,TSG Hoffenheim vs Borussia Dortmund,btts,0.009909254442934338,0.07792207792207795,0.06428571428571428,15.0,1
soccer_germany_bundesliga,da7576d88856817ab0e8d8b71cb4a89a,TSG Hoffenheim vs Borussia Dortmund,h2h,0.005638144138723055,0.0625309354891932,0.07142345434273249,39.0,1
soccer_france_ligue_one,230c25d5109625074f28d7216f25c518,Auxerre vs Nice,alternate_totals,0.03477742344737122,0.07651560988258777,0.047182745080057396,7.5,6
soccer_france_ligue_one,230c25d5109625074f28d7216f25c518,Auxerre vs Nice,btts,0.009036362385562722,0.07775232693426415,0.02690972222222232,10.0,1
soccer_france_ligue_one,230c25d5109625074f28d7216f25c518,Auxerre vs Nice,h2h,0.006424519740438182,0.07136524822695023,0.0645991264168652,27.0,1
soccer_france_ligue_one,2a284d621fe10e2a722fd9b6d17814a2,Lorient vs Toulouse,alternate_totals,0.015304048440689853,0.07528944212177613,0.06291836451539466,7.5,6
soccer_france_ligue_one,2a284d621fe10e2a722fd9b6d17814a2,Lorient vs Toulouse,btts,0.006237819888025157,0.07745589817971354,0.024681111305259518,10.0,1
soccer_france_ligue_one,2a284d621fe10e2a722fd9b6d17814a2,Lorient vs Toulouse,h2h,0.01774154134908117,0.07132867132867138,0.0714583333333334,27.0,1
soccer_france_ligue_one,4cddf4770205be9d13b8d623bb62de9e,Le Havre vs Brest,alternate_totals,0.00812307853222394,0.07302431451784225,0.04838373753246275,13.0,8
soccer_france_ligue_one,4cddf4770205be9d13b8d623bb62de9e,Le Havre vs Brest,btts,0.0052836873795794595,0.07709057656091556,0.057637075718015573,14.0,1
soccer_france_ligue_one,4cddf4770205be9d13b8d623bb62de9e,Le Havre vs Brest,h2h,0.004439939184131745,0.06446468732673982,0.05543123543123548,38.0,1
soccer_france_ligue_one,52b93969a8589ad815e27897d09f747c,Paris FC vs Lyon,alternate_totals,0.041088395101582305,0.06934258241121044,0.07996832434531755,7.5,6
soccer_france_ligue_one,52b93969a8589ad815e27897d09f747c,Paris FC vs Lyon,btts,0.010009502632027933,0.07343049327354256,0.036548377312708547,9.0,1
soccer_france_ligue_one,52b93969a8589ad815e27897d09f747c,Paris FC vs Lyon,h2h,0.007778035210781462,0.07055642769928472,0.0701669758812616,26.0,1
soccer_france_ligue_one,606847b3e83e8ca7a588d1ace4146ac8,RC Lens vs Lorient,alternate_totals,0.015075761319058769,0.07560235075763033,0.06995860410061722,13.0,9
soccer_france_ligue_one,606847b3e83e8ca7a588d1ace4146ac8,RC Lens vs Lorient,btts,0.01045178601587336,0.07567232395600532,0.047372021434272105,14.0,1
soccer_france_ligue_one,606847b3e83e8ca7a588d1ace4146ac8,RC Lens vs Lorient,h2h,0.008371157618472387,0.06571888662918157,0.10132314794983466,38.0,1
soccer_france_ligue_one,6c86fc624f91552d591d8f368f6d965e,Marseille vs Paris FC,alternate_totals,0.01049103429839883,0.06839622641509413,0.06706980702670623,13.0,9
soccer_france_ligue_one,6c86fc624f91552d591d8f368f6d965e,Marseille vs Paris FC,btts,0.007227062705386133,0.07551142800322452,0.04192184461652371,14.0,1
soccer_france_ligue_one,6c86fc624f91552d591d8f368f6d965e,Marseille vs Paris FC,h2h,0.00736680785980202,0.06666294995386746,0.07626122825585502,38.0,1
soccer_france_ligue_one,72b918e99d594d40a13ca399f029a7ce,Angers vs Rennes,alternate_totals,0.02363659605610067,0.07583150695768692,0.07124458022236427,12.0,9
soccer_france_ligue_one,72b918e99d594d40a13ca399f029a7ce,Angers vs Rennes,btts,0.008107913667724034,0.07583150695768692,0.05035941098471619,14.0,1
soccer_france_ligue_one,72b918e99d594d40a13ca399f029a7ce,Angers vs Rennes,h2h,0.006351444622643517,0.06778489015331113,0.06802234517022769,38.0,1
soccer_france_ligue_one,8ba070d5337fc9b99fc69f3c9cf0b66a,Le Havre vs Angers,alternate_totals,0.009410395623895779,0.07320148051191566,0.05739663841400773,8.0,5
soccer_france_ligue_one,8ba070d5337fc9b99fc69f3c9cf0b66a,Le Havre vs Angers,btts,0.010122243126020553,0.07687806776765083,0.026864646811432413,10.0,1
soccer_france_ligue_one,8ba070d5337fc9b99fc69f3c9cf0b66a,Le Havre vs Angers,h2h,0.017649097729898148,0.07468337647715972,0.06387394423232669,27.0,1
soccer_france_ligue_one,9a31fb300796d3e97b63f1db49badedc,Toulouse vs Lille,alternate_totals,0.008140346034939745,0.06826795593056756,0.08965737848364948,14.0,8
soccer_france_ligue_one,9a31fb300796d3e97b63f1db49badedc,Toulouse vs Lille,btts,0.009671047687701193,0.07579603137978763,0.051785204227363546,14.0,1
soccer_france_ligue_one,9a31fb300796d3e97b63f1db49badedc,Toulouse vs Lille,h2h,0.0047008051431900585,0.06553990754738048,0.04900650019076114,38.0,1
soccer_france_ligue_one,a7e7bf9a8226e86eab6e5c1cb0780a0f,Rennes vs Marseille,alternate_totals,0.03939270708099839,0.07517965726920939,0.09864118697696002,8.0,7
soccer_france_ligue_one,a7e7bf9a8226e86eab6e5c1cb0780a0f,Rennes vs Marseille,btts,0.04480811249383024,0.07451966368775098,0.05020408163265311,10.0,1
soccer_france_ligue_one,a7e7bf9a8226e86eab6e5c1cb0780a0f,Rennes vs Marseille,h2h,0.03575840254225192,0.07529899399853202,0.09240582651343021,27.0,1
soccer_france_ligue_one,b292d9e6b90eb73e0547ace2a44728e8,Troyes vs Strasbourg,alternate_totals,0.008478549161426832,0.07316355849298606,0.061101518311600184,13.5,8
soccer_france_ligue_one,b292d9e6b90eb73e0547ace2a44728e8,Troyes vs Strasbourg,btts,0.008586537733904621,0.07550009870369145,0.05631868131868145,14.0,1
soccer_france_ligue_one,b292d9e6b90eb73e0547ace2a44728e8,Troyes vs Strasbourg,h2h,0.005436736960934611,0.06499846395816822,0.06915246973106186,38.0,1
soccer_france_ligue_one,dc9514d16c26bc6b7f2ae27d10069842,Lyon vs Auxerre,alternate_totals,0.009330463372073206,0.06382517159216194,0.09392837305873081,12.0,9
soccer_france_ligue_one,dc9514d16c26bc6b7f2ae27d10069842,Lyon vs Auxerre,btts,0.006488840429433361,0.07741430749196332,0.05752442620107534,14.0,1
soccer_france_ligue_one,dc9514d16c26bc6b7f2ae27d10069842,Lyon vs Auxerre,h2h,0.006624256287143753,0.06612794568087288,0.06336472836472828,38.0,1
soccer_france_ligue_one,e6fc9c63d216738df1f2687a41c2d983,Paris Saint Germain vs AS Monaco,alternate_totals,0.008206361534262319,0.06677018633540355,0.08201046275684885,14.0,9
soccer_france_ligue_one,e6fc9c63d216738df1f2687a41c2d983,Paris Saint Germain vs AS Monaco,btts,0.005857964793639075,0.07760446075663463,0.05295031055900623,14.0,1
soccer_france_ligue_one,e6fc9c63d216738df1f2687a41c2d983,Paris Saint Germain vs AS Monaco,h2h,0.007949707443504492,0.06559894006702516,0.09836135289558341,38.0,1
soccer_france_ligue_one,f6818fa1fcc5a44a608c6b85fb01c197,Nice vs Le Mans FC,alternate_totals,0.021596345741451143,0.07638997331694847,0.06206389883971311,13.5,8
soccer_france_ligue_one,f6818fa1fcc5a44a608c6b85fb01c197,Nice vs Le Mans FC,btts,0.006617726938607075,0.07857522353028212,0.03550018057060311,14.0,1
soccer_france_ligue_one,f6818fa1fcc5a44a608c6b85fb01c197,Nice vs Le Mans FC,h2h,0.007458228340262388,0.0690068446419485,0.06212316968130923,38.0,1
soccer_france_ligue_one,f8bbf7144d65713cf1bfc5b1940d310c,Strasbourg vs AS Monaco,alternate_totals,0.0443366531120491,0.07530715036606422,0.05323624154314018,5.5,6
soccer_france_ligue_one,f8bbf7144d65713cf1bfc5b1940d310c,Strasbourg vs AS Monaco,btts,0.0038807403225668666,0.07456140350877205,0.016447368421052655,10.0,1
soccer_france_ligue_one,f8bbf7144d65713cf1bfc5b1940d310c,Strasbourg vs AS Monaco,h2h,0.015040337882880532,0.08416389811738645,0.06554810561098463,27.0,1
