league_key,temporada,n_bets,pct_home,pct_draw,pct_away,avg_odds,median_odds,win_rate,flat_roi_per_bet,pct_top5_equipos,top5_equipos,es_temporada_reciente,pct_odds_1.0-1.5,pct_odds_1.5-2.0,pct_odds_2.0-2.5,pct_odds_2.5-3.0
EPL,2122,89,0.3258426966292135,0.0,0.6741573033707865,2.31561797752809,2.36,0.4606741573033708,0.04078651685393258,0.8089887640449438,"Brentford(20), Watford(15), Leicester(14), Leeds(12), Aston Villa(11)",False,0.011235955056179775,0.21348314606741572,0.42696629213483145,0.34831460674157305
EPL,2223,69,0.3188405797101449,0.0,0.6811594202898551,2.3833333333333333,2.46,0.3333333333333333,-0.23898550724637685,0.782608695652174,"Leicester(12), Tottenham(12), Nott'm Forest(11), Fulham(10), Bournemouth(9)",False,0.014492753623188406,0.21739130434782608,0.2898550724637681,0.4782608695652174
EPL,2324,34,0.6176470588235294,0.0,0.38235294117647056,2.458235294117647,2.465,0.5588235294117647,0.3514705882352941,1.0,"Bournemouth(8), Man United(8), West Ham(7), Everton(7), Nott'm Forest(4)",True,0.0,0.14705882352941177,0.38235294117647056,0.47058823529411764
EPL,2425,43,0.6046511627906976,0.0,0.3953488372093023,2.390697674418605,2.39,0.4418604651162791,-0.011395348837209291,1.0,"Nott'm Forest(12), Man City(11), Bournemouth(9), Tottenham(6), Arsenal(5)",True,0.023255813953488372,0.16279069767441862,0.37209302325581395,0.4418604651162791
EPL,2526,21,0.3333333333333333,0.0,0.6666666666666666,2.3866666666666667,2.51,0.2857142857142857,-0.3423809523809524,1.380952380952381,"Leeds(11), Sunderland(8), Newcastle(6), Bournemouth(2), Everton(2)",True,0.0,0.19047619047619047,0.2857142857142857,0.5238095238095238
LALIGA,2122,90,0.4666666666666667,0.0,0.5333333333333333,2.2733333333333334,2.29,0.4666666666666667,0.03266666666666664,0.8444444444444444,"Espanol(19), Vallecano(19), Barcelona(14), Ath Madrid(13), Mallorca(11)",False,0.044444444444444446,0.23333333333333334,0.35555555555555557,0.36666666666666664
LALIGA,2223,58,0.603448275862069,0.0,0.39655172413793105,2.3753448275862072,2.415,0.4827586206896552,0.10706896551724139,0.9137931034482759,"Mallorca(12), Betis(12), Villarreal(11), Sevilla(10), Girona(8)",False,0.0,0.1896551724137931,0.41379310344827586,0.39655172413793105
LALIGA,2324,51,0.6666666666666666,0.0,0.3333333333333333,2.447058823529412,2.53,0.45098039215686275,0.05999999999999998,0.9215686274509803,"Alaves(12), Villarreal(10), Betis(9), Mallorca(8), Girona(8)",True,0.0,0.1568627450980392,0.3333333333333333,0.5098039215686274
LALIGA,2425,40,0.75,0.0,0.25,2.3637499999999996,2.415,0.525,0.2415,1.05,"Girona(18), Alaves(7), Espanol(6), Vallecano(6), Getafe(5)",True,0.0,0.325,0.25,0.425
LALIGA,2526,15,0.7333333333333333,0.0,0.26666666666666666,2.472666666666667,2.5,0.3333333333333333,-0.19333333333333336,1.2666666666666666,"Girona(7), Elche(4), Valencia(3), Levante(3), Alaves(2)",True,0.0,0.06666666666666667,0.4,0.5333333333333333
SERIEA,2122,44,0.4772727272727273,0.0,0.5227272727272727,2.3304545454545456,2.33,0.5909090909090909,0.3688636363636364,0.9090909090909091,"Napoli(10), Lazio(9), Torino(7), Fiorentina(7), Bologna(7)",False,0.0,0.22727272727272727,0.38636363636363635,0.38636363636363635
SERIEA,2223,84,0.38095238095238093,0.0,0.6190476190476191,2.3027380952380954,2.31,0.42857142857142855,-0.02654761904761905,0.6785714285714286,"Monza(15), Inter(11), Salernitana(11), Verona(10), Bologna(10)",False,0.011904761904761904,0.2261904761904762,0.40476190476190477,0.35714285714285715
SERIEA,2324,37,0.3783783783783784,0.0,0.6216216216216216,2.481891891891892,2.55,0.35135135135135137,-0.16270270270270268,1.027027027027027,"Napoli(10), Lazio(8), Genoa(7), Bologna(7), Cagliari(6)",True,0.0,0.08108108108108109,0.3783783783783784,0.5405405405405406
SERIEA,2425,50,0.48,0.0,0.52,2.1641999999999997,2.205,0.4,-0.15180000000000002,1.06,"Parma(20), Como(11), Venezia(8), Cagliari(8), Lazio(6)",True,0.0,0.4,0.34,0.26
SERIEA,2526,26,0.3076923076923077,0.0,0.6923076923076923,2.448076923076923,2.525,0.23076923076923078,-0.4573076923076923,1.1153846153846154,"Cremonese(7), Fiorentina(7), Lazio(6), Atalanta(5), Como(4)",True,0.0,0.15384615384615385,0.2692307692307692,0.5769230769230769
BUNDESLIGA,2122,49,0.7959183673469388,0.0,0.20408163265306123,2.420612244897959,2.39,0.3877551020408163,-0.04102040816326529,0.8979591836734694,"FC Koln(11), M'gladbach(10), Ein Frankfurt(8), Mainz(8), Union Berlin(7)",False,0.02040816326530612,0.04081632653061224,0.5510204081632653,0.3877551020408163
BUNDESLIGA,2223,64,0.625,0.0,0.375,2.1134375,2.0999999999999996,0.546875,0.13812500000000003,1.046875,"Schalke 04(26), Leverkusen(12), Freiburg(10), Werder Bremen(10), Hoffenheim(9)",False,0.03125,0.390625,0.4375,0.140625
BUNDESLIGA,2324,41,0.7804878048780488,0.0,0.21951219512195122,2.3143902439024386,2.32,0.34146341463414637,-0.2490243902439024,0.9024390243902439,"Heidenheim(9), Union Berlin(8), Augsburg(8), FC Koln(6), M'gladbach(6)",True,0.0,0.12195121951219512,0.5365853658536586,0.34146341463414637
BUNDESLIGA,2425,35,0.6285714285714286,0.0,0.37142857142857144,2.386,2.42,0.4,-0.07914285714285717,1.0285714285714285,"Hoffenheim(9), St Pauli(9), RB Leipzig(7), Dortmund(6), Heidenheim(5)",True,0.0,0.17142857142857143,0.45714285714285713,0.37142857142857144
BUNDESLIGA,2526,14,0.5714285714285714,0.0,0.42857142857142855,2.527142857142857,2.525,0.21428571428571427,-0.4942857142857143,1.2142857142857142,"Mainz(4), Hoffenheim(4), Hamburg(3), Leverkusen(3), FC Koln(3)",True,0.0,0.0,0.42857142857142855,0.5714285714285714
