tour,min_edge_threshold,kelly_fraction,max_odds,n_bets,roi,final_bankroll,max_drawdown,win_rate
ATP,0.01,0.05,2.5,341,0.06217242781006973,1029.7156324767864,0.013158178502607993,0.6480938416422287
ATP,0.01,0.05,3.0,372,0.04816613614009139,1023.8864986008423,0.012916134222002466,0.6236559139784946
ATP,0.01,0.05,4.0,395,0.052973949187930344,1026.7869111319803,0.014824760395034546,0.6050632911392405
ATP,0.01,0.05,6.0,399,0.05532594917061765,1028.0680098192165,0.014824760395034546,0.6040100250626567
ATP,0.01,0.1,2.5,341,0.061541039878925806,1059.7940226091282,0.02618446295751106,0.6480938416422287
ATP,0.01,0.1,3.0,372,0.04760513677771931,1047.8085128834769,0.02570758798731347,0.6236559139784946
ATP,0.01,0.1,4.0,395,0.05253281400902564,1053.7329594995867,0.029473330487592174,0.6050632911392405
ATP,0.01,0.1,6.0,399,0.05488702345976195,1056.361522752004,0.029473330487592174,0.6040100250626567
ATP,0.01,0.15,2.5,341,0.06090568972409861,1090.2138580543485,0.03907972381243052,0.6480938416422287
ATP,0.01,0.15,3.0,372,0.04704130439881677,1071.7402245861142,0.038375102614813215,0.6236559139784946
ATP,0.01,0.15,4.0,395,0.05208641292819274,1080.8115121816707,0.04394725116263341,0.6050632911392405
ATP,0.01,0.15,6.0,399,0.054442723711216376,1084.8543318997195,0.04394725116263341,0.6040100250626567
ATP,0.01,0.2,2.5,341,0.06026665397206456,1120.9524902116066,0.0518448299846012,0.6480938416422287
ATP,0.01,0.2,3.0,372,0.046474788252178025,1095.6550311111112,0.050919419405873016,0.6236559139784946
ATP,0.01,0.2,4.0,395,0.05163484468287323,1107.9948449900144,0.05824805595509096,0.6050632911392405
ATP,0.01,0.2,6.0,399,0.05399315461435568,1113.5189999571598,0.05824805595509096,0.6040100250626567
ATP,0.01,0.25,2.5,341,0.05962420065837705,1151.985931779498,0.06448064882410952,0.6480938416422287
ATP,0.01,0.25,3.0,372,0.045905732277219,1119.525578145032,0.06334127959843558,0.6236559139784946
ATP,0.01,0.25,4.0,395,0.0511782043436366,1135.2541676508552,0.07237727102130849,0.6050632911392405
ATP,0.01,0.25,6.0,399,0.05353841690930221,1142.3268779808113,0.07237727102130849,0.6040100250626567
ATP,0.02,0.05,2.5,77,0.01966119743044793,1002.8835614007617,0.010925398192201896,0.6103896103896104
ATP,0.02,0.05,3.0,90,-0.04254149180021177,993.3112116718304,0.013803793788951453,0.5333333333333333
ATP,0.02,0.05,4.0,98,-0.019090404451999447,996.8911861475826,0.014539125485952467,0.5204081632653061
ATP,0.02,0.05,6.0,100,-0.013870049752752644,997.7291942361387,0.014539125485952467,0.52
ATP,0.02,0.1,2.5,77,0.018780993025808563,1005.4955518463594,0.02176443796498643,0.6103896103896104
ATP,0.02,0.1,3.0,90,-0.04367309980027987,986.3802412836976,0.027611299556053154,0.5333333333333333
ATP,0.02,0.1,4.0,98,-0.020175106580680495,993.4867698933713,0.029067407820859786,0.5204081632653061
ATP,0.02,0.1,6.0,100,-0.014921939212038075,995.1559631877712,0.029067407820859786,0.52
ATP,0.02,0.15,2.5,77,0.017890099421499293,1007.8322635202506,0.03251755927353997,0.6103896103896104
ATP,0.02,0.15,3.0,90,-0.04481753191678429,979.2112723658267,0.04141830809825308,0.5333333333333333
ATP,0.02,0.15,4.0,98,-0.02127700930947583,989.7883713463808,0.04358034858708106,0.5204081632653061
ATP,0.02,0.15,6.0,100,-0.015991343529954804,992.2811978566244,0.04358034858708106,0.52
ATP,0.02,0.2,2.5,77,0.016988431002229305,1009.8901641334817,0.04318520099066132,0.6103896103896104
ATP,0.02,0.2,3.0,90,-0.0459749359456382,971.8086653206277,0.05522064256339229,0.5333333333333333
ATP,0.02,0.2,4.0,98,-0.022396323974433932,985.7978574100799,0.058073496355313406,0.5204081632653061
ATP,0.02,0.2,6.0,100,-0.01707848359026173,989.1060442555645,0.058073496355313406,0.52
ATP,0.02,0.25,2.5,77,0.016075899283071904,1011.665902621025,0.053767800906762545,0.6103896103896104
ATP,0.02,0.25,3.0,90,-0.04714546264289546,964.1769533692589,0.06901416049332283,0.5333333333333333
ATP,0.02,0.25,4.0,98,-0.02353326502857081,981.5173408325325,0.07254244884671732,0.5204081632653061
ATP,0.02,0.25,6.0,100,-0.018183583602482335,985.631903468667,0.07254244884671732,0.52
ATP,0.03,0.05,2.5,16,0.20513089787644037,1007.1504669248113,0.004400940059618565,0.6875
ATP,0.03,0.05,3.0,22,0.013415317073879735,1000.5537849948661,0.006663689727786163,0.5
ATP,0.03,0.05,4.0,26,0.14420187988495284,1006.4582389237986,0.006663689727786163,0.5384615384615384
ATP,0.03,0.05,6.0,27,0.13316693951095068,1006.0215576163929,0.006663689727786163,0.5185185185185185
ATP,0.03,0.1,2.5,16,0.20456405497691335,1014.2766992021177,0.0088018801192372,0.6875
ATP,0.03,0.1,3.0,22,0.01245403895419302,1001.0255051498428,0.013329590008376612,0.5
ATP,0.03,0.1,4.0,26,0.14376969629205305,1012.8595904428206,0.013329590008376612,0.5384615384615384
ATP,0.03,0.1,6.0,27,0.13266756819896794,1011.9806730013063,0.013329590008376612,0.5185185185185185
ATP,0.03,0.15,2.5,16,0.20399027466910247,1021.3773437699012,0.0132028201788558,0.6875
ATP,0.03,0.15,3.0,22,0.011485948461104178,1001.4149057266268,0.019997242701947016,0.5
ATP,0.03,0.15,4.0,26,0.1433287779316081,1019.2023676534584,0.019997242701947016,0.5384615384615384
ATP,0.03,0.15,6.0,27,0.13215965098578866,1017.8757354936567,0.019997242701947016,0.5185185185185185
ATP,0.03,0.2,2.5,16,0.20340953321915828,1028.4510374006725,0.017603760238474403,0.6875
ATP,0.03,0.2,3.0,22,0.010511003240505048,1001.7217481767509,0.026666191836394206,0.5
ATP,0.03,0.2,4.0,26,0.1428790455655761,1025.4848843381421,0.026666191836394206,0.5384615384615384
ATP,0.03,0.2,6.0,27,0.13164311537248763,1023.705138044858,0.026666191836394206,0.5185185185185185
ATP,0.03,0.25,2.5,16,0.20282180656223894,1035.4964069068603,0.022004700298093035,0.6875
ATP,0.03,0.25,3.0,22,0.009529160470725358,1001.9458102491578,0.03333598363494923,0.5
ATP,0.03,0.25,4.0,26,0.14242041945182962,1031.7054555081559,0.03333598363494923,0.5384615384615384
ATP,0.03,0.25,6.0,27,0.1311178883552892,1029.4672777589699,0.03333598363494923,0.5185185185185185
ATP,0.04,0.05,2.5,4,-0.12697863343787236,998.7093841766826,0.004400940059618618,0.5
ATP,0.04,0.05,3.0,6,-0.32324634810116215,995.7677545393439,0.007333408451353625,0.3333333333333333
ATP,0.04,0.05,4.0,8,0.031364590143859915,1000.4754083929665,0.006257156055444162,0.5
ATP,0.04,0.05,6.0,8,0.031364590143859915,1000.4754083929665,0.006257156055444162,0.5
ATP,0.04,0.1,2.5,4,-0.1286260380638529,997.386943740572,0.00880188011923722,0.5
ATP,0.04,0.1,3.0,6,-0.32463020904318174,991.5155026722247,0.014636888672798403,0.3333333333333333
ATP,0.04,0.1,4.0,8,0.02979089007855786,1000.9016266815247,0.012497901698978534,0.5
ATP,0.04,0.1,6.0,8,0.02979089007855786,1000.9016266815247,0.012497901698978534,0.5
ATP,0.04,0.15,2.5,4,-0.1302763830890937,996.0326822123182,0.013202820178855731,0.5
ATP,0.04,0.15,3.0,6,-0.32601394062913164,987.2435126924611,0.02191049398319398,0.3333333333333333
ATP,0.04,0.15,4.0,8,0.028208965100099907,1001.2785007383387,0.01872223693060287,0.5
ATP,0.04,0.15,6.0,8,0.028208965100099907,1001.2785007383387,0.01872223693060287,0.5
ATP,0.04,0.2,2.5,4,-0.13192968358794416,994.6466040779251,0.01760376023847441,0.5
ATP,0.04,0.2,3.0,6,-0.3273975346279155,982.952053035434,0.02915427770140075,0.3333333333333333
ATP,0.04,0.2,4.0,8,0.026618775643978916,1001.6058803552497,0.024930161750317637,0.5
ATP,0.04,0.2,6.0,8,0.026618775643978916,1001.6058803552497,0.024930161750317637,0.5
ATP,0.04,0.25,2.5,4,-0.13358595464333342,993.2287147887491,0.02200470029809295,0.5
ATP,0.04,0.25,3.0,6,-0.32878098268741063,978.6413922640907,0.03636829314627807,0.3333333333333333
ATP,0.04,0.25,4.0,8,0.02502028205659702,1001.8836192621534,0.031121676158122443,0.5
ATP,0.04,0.25,6.0,8,0.02502028205659702,1001.8836192621534,0.031121676158122443,0.5
ATP,0.05,0.05,2.5,1,1.3399999999999999,1002.6111139572654,0.0,1.0
ATP,0.05,0.05,3.0,2,0.19430264061109173,1000.7418245392627,0.0018644212017805317,0.5
ATP,0.05,0.05,4.0,2,0.19430264061109173,1000.7418245392627,0.0018644212017805317,0.5
ATP,0.05,0.05,6.0,2,0.19430264061109173,1000.7418245392627,0.0018644212017805317,0.5
ATP,0.05,0.1,2.5,1,1.3399999999999999,1005.2222279145309,0.0,1.0
ATP,0.05,0.1,3.0,2,0.19278171371897593,1001.4739126460812,0.0037288424035609247,0.5
ATP,0.05,0.1,4.0,2,0.19278171371897593,1001.4739126460812,0.0037288424035609247,0.5
ATP,0.05,0.1,6.0,2,0.19278171371897593,1001.4739126460812,0.0037288424035609247,0.5
ATP,0.05,0.15,2.5,1,1.3399999999999999,1007.8333418717963,0.0,1.0
ATP,0.05,0.15,3.0,2,0.19126465565613243,1002.1962643204552,0.005593263605341407,0.5
ATP,0.05,0.15,4.0,2,0.19126465565613243,1002.1962643204552,0.005593263605341407,0.5
ATP,0.05,0.15,6.0,2,0.19126465565613243,1002.1962643204552,0.005593263605341407,0.5
ATP,0.05,0.2,2.5,1,1.3399999999999999,1010.4444558290618,0.0,1.0
ATP,0.05,0.2,3.0,2,0.18975145167941943,1002.9088795623848,0.007457684807121975,0.5
ATP,0.05,0.2,4.0,2,0.18975145167941943,1002.9088795623848,0.007457684807121975,0.5
ATP,0.05,0.2,6.0,2,0.18975145167941943,1002.9088795623848,0.007457684807121975,0.5
ATP,0.05,0.25,2.5,1,1.3399999999999999,1013.0555697863272,0.0,1.0
ATP,0.05,0.25,3.0,2,0.1882420871205103,1003.61175837187,0.009322106008902407,0.5
ATP,0.05,0.25,4.0,2,0.1882420871205103,1003.61175837187,0.009322106008902407,0.5
ATP,0.05,0.25,6.0,2,0.1882420871205103,1003.61175837187,0.009322106008902407,0.5
ATP,0.06,0.05,3.0,1,-1.0,998.1355787982195,0.0018644212017804875,0.0
ATP,0.06,0.05,4.0,1,-1.0,998.1355787982195,0.0018644212017804875,0.0
ATP,0.06,0.05,6.0,1,-1.0,998.1355787982195,0.0018644212017804875,0.0
ATP,0.06,0.1,3.0,1,-1.0,996.271157596439,0.003728842403560975,0.0
ATP,0.06,0.1,4.0,1,-1.0,996.271157596439,0.003728842403560975,0.0
ATP,0.06,0.1,6.0,1,-1.0,996.271157596439,0.003728842403560975,0.0
ATP,0.06,0.15,3.0,1,-1.0,994.4067363946585,0.005593263605341463,0.0
ATP,0.06,0.15,4.0,1,-1.0,994.4067363946585,0.005593263605341463,0.0
ATP,0.06,0.15,6.0,1,-1.0,994.4067363946585,0.005593263605341463,0.0
ATP,0.06,0.2,3.0,1,-1.0,992.542315192878,0.00745768480712195,0.0
ATP,0.06,0.2,4.0,1,-1.0,992.542315192878,0.00745768480712195,0.0
ATP,0.06,0.2,6.0,1,-1.0,992.542315192878,0.00745768480712195,0.0
ATP,0.06,0.25,3.0,1,-1.0,990.6778939910976,0.009322106008902438,0.0
ATP,0.06,0.25,4.0,1,-1.0,990.6778939910976,0.009322106008902438,0.0
ATP,0.06,0.25,6.0,1,-1.0,990.6778939910976,0.009322106008902438,0.0
WTA,0.01,0.05,2.5,1472,0.004748896265783141,1013.0983788436095,0.0801594324279861,0.6168478260869565
WTA,0.01,0.05,3.0,1620,-0.0023969014885292087,993.2223282082646,0.08308452717580808,0.591358024691358
WTA,0.01,0.05,4.0,1738,-0.00521156287219204,984.9629789708611,0.08610146930817157,0.5701956271576525
WTA,0.01,0.05,6.0,1796,-0.0043373113095337736,987.3186526835166,0.08887257355851982,0.5595768374164811
WTA,0.01,0.1,2.5,1472,0.004001141792911095,1022.6264930552745,0.15503942018591438,0.6168478260869565
WTA,0.01,0.1,3.0,1620,-0.003047689790014063,982.6616568116731,0.16044448167093195,0.591358024691358
WTA,0.01,0.1,4.0,1738,-0.005871216510080746,966.2138421060769,0.16593071466000558,0.5701956271576525
WTA,0.01,0.1,6.0,1796,-0.005010339174767969,970.7267658960549,0.1710213638500792,0.5595768374164811
WTA,0.01,0.15,2.5,1472,0.0032776108851846554,1028.4678682363578,0.22488069990378812,0.6168478260869565
WTA,0.01,0.15,3.0,1620,-0.0036821206023730005,968.4274492869914,0.23236066444491504,0.591358024691358
WTA,0.01,0.15,4.0,1738,-0.006518070871387603,943.9624225822172,0.2398295646872665,0.5701956271576525
WTA,0.01,0.15,6.0,1796,-0.005669665590276016,950.416800522695,0.24683308226036207,0.5595768374164811
WTA,0.01,0.2,2.5,1472,0.002578917697040633,1030.545026681596,0.28992262236471383,0.6168478260869565
WTA,0.01,0.2,3.0,1620,-0.004298992204207465,950.6704805445792,0.2991106013423848,0.591358024691358
WTA,0.01,0.2,4.0,1738,-0.007150828952538919,918.4567973613466,0.3081323702880581,0.5701956271576525
WTA,0.01,0.2,6.0,1796,-0.006313918572440318,926.6240279117409,0.31668436446599785,0.5595768374164811
WTA,0.01,0.25,2.5,1472,0.00243854663969216,1036.9851066267659,0.35142994471569333,0.6168478260869565
WTA,0.01,0.25,3.0,1620,-0.004371055045315556,936.9566819760171,0.361978553571587,0.591358024691358
WTA,0.01,0.25,4.0,1738,-0.007248551538814921,897.0409266014789,0.37116500926584356,0.5701956271576525
WTA,0.01,0.25,6.0,1796,-0.006429422118660832,906.7607656550302,0.3809407482805784,0.5595768374164811
WTA,0.02,0.05,2.5,526,0.00851566756836905,1011.3552489662347,0.06563032423929616,0.5798479087452472
WTA,0.02,0.05,3.0,606,-0.00660901292076799,990.7491431592157,0.0836917246349198,0.5429042904290429
WTA,0.02,0.05,4.0,688,-0.010950387352243903,984.0127621031714,0.08828776600205723,0.5130813953488372
WTA,0.02,0.05,6.0,732,-0.008436199650727094,987.3991216187213,0.09106478618116118,0.49863387978142076
WTA,0.02,0.1,2.5,526,0.007478359418630057,1020.107311819715,0.12774883501019765,0.5798479087452472
WTA,0.02,0.1,3.0,606,-0.007668895977133532,978.7509635218348,0.16126061109241419,0.5429042904290429
WTA,0.02,0.1,4.0,688,-0.012090040208232605,965.3205902626962,0.1696953400659797,0.5130813953488372
WTA,0.02,0.1,6.0,732,-0.009561194110565215,971.8630048543586,0.1748173109490053,0.49863387978142076
WTA,0.02,0.15,2.5,526,0.0064432387197931335,1026.1758397586489,0.18648194605604976,0.5798479087452472
WTA,0.02,0.15,3.0,606,-0.00873467081387224,964.0973760331333,0.2330714289331833,0.5429042904290429
WTA,0.02,0.15,4.0,688,-0.013241751439921703,944.0784933806433,0.24466825937606657,0.5130813953488372
WTA,0.02,0.15,6.0,732,-0.010696722531063206,953.5269731586283,0.25174389465151026,0.49863387978142076
WTA,0.02,0.2,2.5,526,0.00541162324030916,1029.5009122697813,0.2419561185599021,0.5798479087452472
WTA,0.02,0.2,3.0,606,-0.009804579424585135,946.9019899134943,0.2994746757836381,0.5429042904290429
WTA,0.02,0.2,4.0,688,-0.014403775842991613,920.4617360684763,0.3136317485480839,0.5130813953488372
WTA,0.02,0.2,6.0,732,-0.011840833333242925,932.5505476494177,0.322308391220754,0.49863387978142076
WTA,0.02,0.25,2.5,526,0.00560639635482734,1038.4646041890805,0.29429745463620016,0.5798479087452472
WTA,0.02,0.25,3.0,606,-0.009728391987304429,934.8793554430774,0.3608064692875704,0.5429042904290429
WTA,0.02,0.25,4.0,688,-0.014472263141031245,901.9773460414752,0.3769908528847612,0.5130813953488372
WTA,0.02,0.25,6.0,732,-0.011912126681811767,916.547200042072,0.38695226798728605,0.49863387978142076
WTA,0.03,0.05,2.5,229,0.029863885092198294,1021.6998845890822,0.062443871718569986,0.5633187772925764
WTA,0.03,0.05,3.0,270,0.002570786316053953,1002.0039253267263,0.06880291672267842,0.5185185185185185
WTA,0.03,0.05,4.0,320,-0.005916129342891677,995.0930367923859,0.07333880996468067,0.48125
WTA,0.03,0.05,6.0,348,-0.010509110892763155,991.0514118471856,0.08159474164163191,0.4540229885057471
WTA,0.03,0.1,2.5,229,0.028275125737859372,1041.9638604515274,0.12146379225032217,0.5633187772925764
WTA,0.03,0.1,3.0,270,0.0012736441175201989,1001.9974141678586,0.13334934716809047,0.5185185185185185
WTA,0.03,0.1,4.0,320,-0.007198694566056921,988.0728399191357,0.14195541643115758,0.48125
WTA,0.03,0.1,6.0,348,-0.011810229320222665,979.9628446493382,0.15720599277404876,0.4540229885057471
WTA,0.03,0.15,2.5,229,0.02669984184010079,1060.6830138053394,0.1772179612208266,0.5633187772925764
WTA,0.03,0.15,3.0,270,-1.0510361227069176e-05,999.9751354656125,0.19387013758816682,0.5185185185185185
WTA,0.03,0.15,4.0,320,-0.008471413518884408,978.9796371424235,0.20610061815277836,0.48125
WTA,0.03,0.15,6.0,348,-0.013098625692017186,966.8042462080588,0.227212484367792,0.4540229885057471
WTA,0.03,0.2,2.5,229,0.025140171626570472,1077.7543650207124,0.22985896156697602,0.5633187772925764
WTA,0.03,0.2,3.0,270,-0.0012791030196089073,995.9436814959523,0.25058566858273323,0.5185185185185185
WTA,0.03,0.2,4.0,320,-0.009731824736857735,967.8665910652193,0.2660159883366907,0.48125
WTA,0.03,0.2,6.0,348,-0.014371712419911182,951.6585472358473,0.29197405210041577,0.4540229885057471
WTA,0.03,0.25,2.5,229,0.023083732507509735,1090.6155776687103,0.27698011804480166,0.5633187772925764
WTA,0.03,0.25,3.0,270,-0.0031036147420791353,987.68811380341,0.3026975004624033,0.5185185185185185
WTA,0.03,0.25,4.0,320,-0.011546677573783994,952.6450910452938,0.3219339038813981,0.48125
WTA,0.03,0.25,6.0,348,-0.016193042730264093,932.5121297007024,0.35183216430185854,0.4540229885057471
WTA,0.04,0.05,2.5,104,0.12672696382630275,1049.6654313687886,0.03441372485158499,0.6057692307692307
WTA,0.04,0.05,3.0,131,0.06894867214979385,1030.0391317020892,0.03844847931827481,0.5267175572519084
WTA,0.04,0.05,4.0,166,0.051609431199731215,1024.6265492682269,0.04097557550183608,0.4759036144578313
WTA,0.04,0.05,6.0,185,0.0449077761089629,1022.296882700521,0.04319669830381391,0.44324324324324327
WTA,0.04,0.1,2.5,104,0.12481235032648987,1100.4879263031523,0.06792528231938841,0.6057692307692307
WTA,0.04,0.1,3.0,131,0.06759562485849883,1059.5540790536977,0.07575022415213478,0.5267175572519084
WTA,0.04,0.1,4.0,166,0.05040086926005246,1048.3071082415645,0.08060541183189915,0.4759036144578313
WTA,0.04,0.1,6.0,185,0.043622662701176776,1043.4449372430538,0.0847426763187144,0.44324324324324327
WTA,0.04,0.15,2.5,104,0.1228662945562843,1152.3966447327646,0.10054971053443283,0.6057692307692307
WTA,0.04,0.15,3.0,131,0.06620315604423747,1088.4463060835526,0.11192716988251755,0.5267175572519084
WTA,0.04,0.15,4.0,166,0.04915026410078881,1070.9463908018488,0.11892065753062252,0.4759036144578313
WTA,0.04,0.15,6.0,185,0.04229863200472923,1063.351591597956,0.12469893080430985,0.44324324324324327
WTA,0.04,0.2,2.5,104,0.12088996590251806,1205.3127273008465,0.13230202962363713,0.6057692307692307
WTA,0.04,0.2,3.0,131,0.06477279233728896,1116.6165978461727,0.1470012499824935,0.5267175572519084
WTA,0.04,0.2,4.0,166,0.04785881463589389,1092.451257340053,0.1559522076332309,0.4759036144578313
WTA,0.04,0.2,6.0,185,0.04093685801623641,1081.9280194437083,0.1631148584828258,0.44324324324324327
WTA,0.04,0.25,2.5,104,0.11872437885574282,1256.308369299941,0.1602311199537263,0.6057692307692307
WTA,0.04,0.25,3.0,131,0.0626974853714472,1141.3845747205667,0.1780913482241032,0.5267175572519084
WTA,0.04,0.25,4.0,166,0.0458411318338579,1110.2207897169465,0.1888657125239219,0.4759036144578313
WTA,0.04,0.25,6.0,185,0.03883163423997213,1096.610022369918,0.20004107773036667,0.44324324324324327
WTA,0.05,0.05,2.5,56,0.1696243370701442,1042.7383701549657,0.025894979281774762,0.6607142857142857
WTA,0.05,0.05,3.0,70,0.10477901753221186,1029.5467649681252,0.03485893653449191,0.5714285714285714
WTA,0.05,0.05,4.0,92,0.07745783003545614,1024.1946898269273,0.037275418432948154,0.5
WTA,0.05,0.05,6.0,106,0.06825904722700081,1022.4545405410547,0.0442203323644703,0.4528301886792453
WTA,0.05,0.1,2.5,56,0.16730818021237379,1086.2915491573772,0.05138055808666932,0.6607142857142857
WTA,0.05,0.1,3.0,70,0.10319224211842436,1058.8476858701742,0.06881551771908635,0.5714285714285714
WTA,0.05,0.1,4.0,92,0.0761069318156478,1047.7546914058612,0.07349002377460259,0.5
WTA,0.05,0.1,6.0,106,0.06676884306730259,1044.1027816103315,0.08683531879054358,0.4528301886792453
WTA,0.05,0.15,2.5,56,0.16496654584617204,1130.6079257628194,0.07645719002960615,0.6607142857142857
WTA,0.05,0.15,3.0,70,0.10156145946344583,1087.8301567147894,0.10188065778442745,0.5714285714285714
WTA,0.05,0.15,4.0,92,0.07470863297835147,1070.6074596802264,0.10866009733181495,0.5
WTA,0.05,0.15,6.0,106,0.06523670544763986,1064.8713507724788,0.12788607171434355,0.4528301886792453
WTA,0.05,0.2,2.5,56,0.1626003278993918,1175.6310181879078,0.10112546641833298,0.6607142857142857
WTA,0.05,0.2,3.0,70,0.09988793422185983,1116.4201174723007,0.134065635826987,0.5714285714285714
WTA,0.05,0.2,4.0,92,0.07326376555649752,1092.680939204485,0.14280225183265816,0.5
WTA,0.05,0.2,6.0,106,0.06366344414081061,1084.688384483937,0.16741345895495965,0.4528301886792453
WTA,0.05,0.25,2.5,56,0.1605881786570884,1218.5439683882862,0.12228597494988999,0.6607142857142857
WTA,0.05,0.25,3.0,70,0.0976882998032908,1141.960016807739,0.16538207223931087,0.5714285714285714
WTA,0.05,0.25,4.0,92,0.07101803012632546,1111.3907347586617,0.17593340118257722,0.5
WTA,0.05,0.25,6.0,106,0.06123039219553861,1100.9942499658234,0.20545806207200532,0.4528301886792453
WTA,0.06,0.05,2.5,32,0.21484962702731553,1035.3030674429347,0.023162529819278715,0.6875
WTA,0.06,0.05,3.0,40,0.1736608699936967,1032.3729903322508,0.024568047608079176,0.625
WTA,0.06,0.05,4.0,53,0.1262284429258736,1026.1248037305568,0.02746101548228519,0.5283018867924528
WTA,0.06,0.05,6.0,63,0.1256507436752583,1027.7576204196664,0.02897740660076027,0.47619047619047616
WTA,0.06,0.1,2.5,32,0.21122695847093198,1071.1208847076543,0.04599957345318672,0.6875
WTA,0.06,0.1,3.0,40,0.17119215408536242,1064.9507804817688,0.04867677289033189,0.625
WTA,0.06,0.1,4.0,53,0.1244746986095482,1052.0179910635948,0.05431970375242999,0.5283018867924528
WTA,0.06,0.1,6.0,63,0.12367063921160242,1055.2760197697853,0.05726872939556696,0.47619047619047616
WTA,0.06,0.15,2.5,32,0.2076226330759436,1107.4193576863906,0.06851214232018832,0.6875
WTA,0.06,0.15,3.0,40,0.16870248412658762,1097.6853018451889,0.0723315608122228,0.625
WTA,0.06,0.15,4.0,53,0.12268661597430054,1077.6262790296562,0.08058548868255044,0.5283018867924528
WTA,0.06,0.15,6.0,63,0.12166639735558808,1082.4946254275742,0.08488616563644183,0.47619047619047616
WTA,0.06,0.2,2.5,32,0.20403658481152764,1144.1618208926138,0.09070129451407337,0.6875
WTA,0.06,0.2,3.0,40,0.1661925544952762,1130.5262168700276,0.09553779441831635,0.625
WTA,0.06,0.2,4.0,53,0.12086467413475506,1102.895480815363,0.1062677283630275,0.5283018867924528
WTA,0.06,0.2,6.0,63,0.11963826792266036,1109.351856162977,0.11184178842881229,0.47619047619047616
WTA,0.06,0.25,2.5,32,0.2019823176157958,1178.643771866228,0.10942256052159542,0.6875
WTA,0.06,0.25,3.0,40,0.16425872877139117,1160.7960946601816,0.1183008535062964,0.625
WTA,0.06,0.25,4.0,53,0.11873045352742292,1125.2262015657886,0.13137571382467372,0.5283018867924528
WTA,0.06,0.25,6.0,63,0.11730184042304626,1133.2227745339144,0.13814754597647771,0.47619047619047616
WTA,0.08,0.05,2.5,13,0.4218163847430311,1031.2795472760915,0.010548564294134746,0.7692307692307693
WTA,0.08,0.05,3.0,20,0.3174061129712747,1030.1862586354935,0.010548564294134668,0.65
WTA,0.08,0.05,4.0,24,0.3225165933572042,1033.327177920268,0.012120889169422456,0.625
WTA,0.08,0.05,6.0,30,0.30114112822011846,1033.9519936172328,0.013661198744295982,0.5333333333333333
WTA,0.08,0.1,2.5,13,0.4176682750799128,1063.2367517267783,0.021047794990357062,0.7692307692307693
WTA,0.08,0.1,3.0,20,0.3152302466259028,1060.871609496397,0.021047794990357017,0.65
WTA,0.08,0.1,4.0,24,0.3207549434068664,1067.3013620122424,0.02414647605447817,0.625
WTA,0.08,0.1,6.0,30,0.29909900193141553,1068.517938148049,0.02718959440798495,0.5333333333333333
WTA,0.08,0.15,2.5,13,0.4135480409185691,1095.875274046963,0.03149769208866687,0.7692307692307693
WTA,0.08,0.15,3.0,20,0.3130463861096276,1092.0477323757266,0.031497692088666804,0.65
WTA,0.08,0.15,4.0,24,0.3189849617457548,1101.9150527031934,0.03607712616159164,0.625
WTA,0.08,0.15,6.0,30,0.297060116755459,1103.6851224850018,0.04058599657620537,0.5333333333333333
WTA,0.08,0.2,2.5,13,0.40945539033818157,1129.1983446043494,0.04189825558906418,0.7692307692307693
WTA,0.08,0.2,3.0,20,0.3108544762530178,1123.7055057130983,0.04189825558906402,0.65
WTA,0.08,0.2,4.0,24,0.3172063416892442,1137.1597091621923,0.04791320499718809,0.625
WTA,0.08,0.2,6.0,30,0.2950237821857347,1139.4396128551264,0.05385121255449131,0.5333333333333333
WTA,0.08,0.25,2.5,13,0.40476375468072046,1156.4850814637189,0.05224948549154883,0.7692307692307693
WTA,0.08,0.25,3.0,20,0.3049861620701719,1149.1539521663856,0.05224948549154899,0.65
WTA,0.08,0.25,4.0,24,0.3121863430958832,1166.2453184782719,0.05965507806769218,0.625
WTA,0.08,0.25,6.0,30,0.2894164532125137,1168.9699884598845,0.06698604736877523,0.5333333333333333
WTA,0.1,0.05,2.5,3,0.13730084799268252,1003.2028906399547,0.007098108019820489,0.6666666666666666
WTA,0.1,0.05,3.0,5,-0.16693531306412304,994.7136768092324,0.015500153660430185,0.4
WTA,0.1,0.05,4.0,7,-0.2816666614369607,989.6906457318238,0.020471607697063552,0.2857142857142857
WTA,0.1,0.05,6.0,11,-0.1676315453654816,992.7052909446159,0.02505964494913698,0.2727272727272727
WTA,0.1,0.1,2.5,3,0.13521792018372392,1006.3112688938289,0.014196216039640901,0.6666666666666666
WTA,0.1,0.1,3.0,5,-0.1694209735908288,989.3137079794067,0.03084738589680964,0.4
WTA,0.1,0.1,4.0,7,-0.2842417039964444,979.3344477850509,0.04062328006078412,0.2857142857142857
WTA,0.1,0.1,6.0,11,-0.16989196797624273,985.2439657518127,0.0495965229383297,0.2727272727272727
WTA,0.1,0.15,2.5,3,0.13312563631734012,1009.3239949163425,0.021294324059461345,0.6666666666666666
WTA,0.1,0.15,3.0,5,-0.17191331199474955,983.8016825677029,0.04604240503697858,0.4
WTA,0.1,0.15,4.0,7,-0.28681569365190523,968.9344877720921,0.060458596473093096,0.2857142857142857
WTA,0.1,0.15,6.0,11,-0.1721332156687083,977.6208198576265,0.07361955196304812,0.2727272727272727
WTA,0.1,0.2,2.5,3,0.13102376402209284,1012.2399288622148,0.028392432079281715,0.6666666666666666
WTA,0.1,0.2,3.0,5,-0.17441226040236152,978.1792088953171,0.06108591940877714,0.4
WTA,0.1,0.2,4.0,7,-0.2893883201538481,958.4938258672108,0.07998111073858832,0.2857142857142857
WTA,0.1,0.2,6.0,11,-0.1743550522622031,969.8406647235882,0.09713752857361085,0.2727272727272727
WTA,0.1,0.25,2.5,3,0.0945075904734407,1009.872377309334,0.035490540099102234,0.6666666666666666
WTA,0.1,0.25,3.0,5,-0.22598120427499901,967.4800393247546,0.07597863734004555,0.4
WTA,0.1,0.25,4.0,7,-0.34125981402886807,943.1724414281249,0.09919435117235405,0.2857142857142857
WTA,0.1,0.25,6.0,11,-0.21076391752059298,956.9942930042141,0.12015912914776955,0.2727272727272727
