Date,bet_side,bet_odds,red_flag,won,market
2021-08-13,away,2.05,True,False,EPL
2021-08-14,away,2.47,True,False,EPL
2021-08-15,away,2.32,False,True,EPL
2021-08-21,home,2.65,False,False,EPL
2021-08-21,home,2.39,False,False,EPL
2021-08-22,away,2.52,True,True,EPL
2021-08-28,home,2.02,True,False,EPL
2021-08-28,away,1.93,False,True,EPL
2021-08-29,away,2.35,False,False,EPL
2021-09-11,away,1.96,True,False,EPL
2021-09-11,home,1.53,False,True,EPL
2021-09-11,away,2.72,False,True,EPL
2021-09-11,away,2.54,True,False,EPL
2021-09-17,away,2.36,False,False,EPL
2021-09-18,away,2.06,False,True,EPL
2021-09-19,away,2.77,False,False,EPL
2021-09-25,away,2.83,False,True,EPL
2021-09-25,away,1.49,False,False,EPL
2021-09-26,home,2.7,False,False,EPL
2021-10-02,home,1.78,False,True,EPL
2021-10-02,away,2.54,False,False,EPL
2021-10-03,away,2.41,True,False,EPL
2021-10-03,home,1.84,False,False,EPL
2021-10-03,away,2.46,False,False,EPL
2021-10-16,home,2.32,False,False,EPL
2021-10-16,away,2.16,False,False,EPL
2021-10-17,away,2.98,False,True,EPL
2021-10-17,away,2.13,False,True,EPL
2021-10-23,home,2.67,False,False,EPL
2021-10-24,away,2.79,True,True,EPL
2021-10-30,away,2.95,False,True,EPL
2021-10-30,home,2.73,False,True,EPL
2021-10-30,away,2.39,False,True,EPL
2021-10-31,away,2.11,True,True,EPL
2021-11-07,away,2.46,False,False,EPL
2021-11-20,home,2.67,False,False,EPL
2021-11-20,away,1.53,False,False,EPL
2021-11-20,away,2.49,False,False,EPL
2021-11-28,home,1.65,False,True,EPL
2021-11-30,home,2.43,True,True,EPL
2021-12-01,away,2.98,True,False,EPL
2021-12-02,home,1.67,False,True,EPL
2021-12-05,home,1.98,False,False,EPL
2021-12-14,away,2.33,True,True,EPL
2021-12-28,away,2.08,True,False,EPL
2021-12-28,away,2.24,True,True,EPL
2022-01-01,away,1.62,False,True,EPL
2022-01-01,away,2.4,True,True,EPL
2022-01-02,away,2.46,True,False,EPL
2022-01-15,home,2.05,False,False,EPL
2022-01-19,away,1.88,False,True,EPL
2022-01-23,home,2.66,False,False,EPL
2022-02-08,away,2.94,False,False,EPL
2022-02-10,away,2.23,False,True,EPL
2022-02-12,away,2.98,False,False,EPL
2022-02-12,away,2.14,False,True,EPL
2022-02-13,away,2.67,False,False,EPL
2022-02-19,home,1.68,False,False,EPL
2022-02-27,home,2.15,False,True,EPL
2022-03-01,away,2.55,False,True,EPL
2022-03-05,home,2.42,False,True,EPL
2022-03-06,away,1.62,False,True,EPL
2022-03-16,away,2.33,False,True,EPL
2022-03-20,home,2.25,True,True,EPL
2022-04-02,home,2.39,False,False,EPL
2022-04-02,away,2.63,False,False,EPL
2022-04-04,away,2.01,True,False,EPL
2022-04-09,away,2.63,True,True,EPL
2022-04-10,away,2.82,True,False,EPL
2022-04-10,home,2.46,True,True,EPL
2022-04-10,away,2.6,False,False,EPL
2022-04-16,away,1.97,False,False,EPL
2022-04-23,away,2.22,False,True,EPL
2022-04-23,away,1.88,False,False,EPL
2022-04-30,away,2.78,False,True,EPL
2022-05-02,home,1.78,False,True,EPL
2022-05-07,away,2.52,False,True,EPL
2022-05-07,away,2.61,False,False,EPL
2022-05-08,home,2.71,False,False,EPL
2022-05-08,away,1.81,False,True,EPL
2022-05-11,away,1.88,False,False,EPL
2022-05-15,home,2.09,False,False,EPL
2022-05-15,home,2.75,False,False,EPL
2022-05-15,away,2.02,False,True,EPL
2022-05-15,home,2.13,False,False,EPL
2022-05-22,away,2.85,True,True,EPL
2022-05-22,away,2.97,False,False,EPL
2022-05-22,away,2.24,True,False,EPL
2022-05-22,home,1.88,False,True,EPL
2022-08-13,home,2.44,False,False,EPL
2022-08-14,away,1.92,True,False,EPL
2022-08-20,away,2.93,False,False,EPL
2022-08-20,home,1.86,False,False,EPL
2022-09-18,away,2.57,False,False,EPL
2022-10-01,away,2.25,False,False,EPL
2022-10-03,home,1.78,False,True,EPL
2022-10-08,away,2.09,True,False,EPL
2022-10-08,away,2.65,False,True,EPL
2022-10-09,home,1.79,False,True,EPL
2022-10-09,away,2.66,False,False,EPL
2022-10-10,away,2.22,False,False,EPL
2022-10-16,away,2.47,False,False,EPL
2022-10-19,away,2.93,False,False,EPL
2022-10-20,away,2.54,False,False,EPL
2022-10-20,home,2.36,False,True,EPL
2022-10-22,away,2.97,False,False,EPL
2022-10-23,home,2.12,True,False,EPL
2022-10-29,away,1.72,False,True,EPL
2022-11-05,away,2.66,False,False,EPL
2022-11-06,home,2.72,False,False,EPL
2022-11-12,away,2.43,False,False,EPL
2022-12-26,away,1.79,False,True,EPL
2022-12-31,away,2.6,False,True,EPL
2023-01-01,away,1.7,False,False,EPL
2023-01-03,home,2.26,True,False,EPL
2023-01-04,away,2.73,False,False,EPL
2023-01-12,away,2.21,True,False,EPL
2023-01-14,away,1.86,False,False,EPL
2023-01-14,away,2.17,True,False,EPL
2023-01-14,away,2.72,True,False,EPL
2023-01-22,away,2.99,False,False,EPL
2023-01-23,away,2.15,True,True,EPL
2023-02-04,away,1.89,True,False,EPL
2023-02-05,away,2.76,False,False,EPL
2023-02-15,away,2.46,True,True,EPL
2023-02-18,away,2.82,True,True,EPL
2023-02-25,home,1.81,False,True,EPL
2023-02-26,away,2.96,False,False,EPL
2023-03-04,home,1.52,False,True,EPL
2023-03-04,away,2.31,False,False,EPL
2023-03-04,away,2.67,False,False,EPL
2023-03-05,away,2.98,False,False,EPL
2023-03-05,home,2.39,True,True,EPL
2023-03-11,away,1.44,False,False,EPL
2023-03-18,away,1.82,False,False,EPL
2023-04-01,away,2.64,False,False,EPL
2023-04-03,away,2.24,True,False,EPL
2023-04-04,home,2.68,False,False,EPL
2023-04-08,away,2.69,False,True,EPL
2023-04-08,home,1.91,True,False,EPL
2023-04-08,home,2.58,False,True,EPL
2023-04-09,home,2.82,True,False,EPL
2023-04-15,home,2.67,False,False,EPL
2023-04-15,away,2.73,False,True,EPL
2023-04-17,away,1.74,False,True,EPL
2023-04-22,home,2.46,False,True,EPL
2023-04-23,away,2.68,True,True,EPL
2023-04-27,home,2.81,False,False,EPL
2023-04-30,away,2.69,False,False,EPL
2023-05-01,home,2.04,True,False,EPL
2023-05-06,away,2.19,True,True,EPL
2023-05-07,away,2.73,False,True,EPL
2023-05-08,away,2.62,False,False,EPL
2023-05-13,home,2.84,False,False,EPL
2023-05-21,home,2.51,False,True,EPL
2023-05-28,away,1.84,True,False,EPL
2023-05-28,home,2.89,True,False,EPL
2023-05-28,away,2.36,True,True,EPL
2023-08-12,away,2.71,False,False,EPL
2023-08-12,away,2.43,False,True,EPL
2023-09-02,away,2.53,False,False,EPL
2023-10-01,away,2.69,False,False,EPL
2023-10-07,home,2.26,False,False,EPL
2023-10-08,away,2.46,False,False,EPL
2023-10-29,home,2.18,False,False,EPL
2023-11-12,home,1.89,False,True,EPL
2023-11-26,away,2.6,False,True,EPL
2023-11-27,home,2.45,False,True,EPL
2023-12-06,home,2.3,False,False,EPL
2023-12-06,home,2.88,False,True,EPL
2023-12-17,home,2.12,False,True,EPL
2023-12-23,home,2.65,False,True,EPL
2023-12-23,home,1.8,False,True,EPL
2023-12-23,home,2.47,False,False,EPL
2023-12-26,home,2.68,False,True,EPL
2023-12-31,home,1.77,False,True,EPL
2024-01-21,away,1.72,False,True,EPL
2024-01-30,home,2.46,False,False,EPL
2024-02-01,home,2.45,True,False,EPL
2024-02-01,away,2.64,False,True,EPL
2024-02-03,away,2.34,False,False,EPL
2024-02-10,home,2.46,True,True,EPL
2024-03-10,home,1.81,False,True,EPL
2024-04-02,home,2.03,True,False,EPL
2024-04-06,away,2.77,False,True,EPL
2024-04-13,home,2.8,False,True,EPL
2024-04-13,away,2.79,False,False,EPL
2024-04-28,away,2.99,False,False,EPL
2024-05-05,home,2.75,False,True,EPL
2024-05-15,home,2.75,False,True,EPL
2024-05-19,home,2.97,False,False,EPL
2024-05-19,away,2.98,False,True,EPL
2024-09-21,home,2.54,False,False,EPL
2024-10-05,away,2.27,False,False,EPL
2024-10-27,home,2.54,False,False,EPL
2024-11-02,away,1.6,False,False,EPL
2024-11-09,home,2.59,False,True,EPL
2024-11-10,away,2.78,False,True,EPL
2024-11-10,away,2.59,False,False,EPL
2024-11-30,home,2.86,False,False,EPL
2024-12-03,away,2.39,False,True,EPL
2024-12-03,home,2.95,False,True,EPL
2024-12-14,away,2.76,False,False,EPL
2024-12-21,home,2.39,False,False,EPL
2024-12-21,home,2.8,False,False,EPL
2024-12-26,away,2.87,False,False,EPL
2024-12-29,home,2.37,False,False,EPL
2025-01-04,away,2.41,False,True,EPL
2025-01-25,home,2.03,True,True,EPL
2025-02-01,away,2.99,False,False,EPL
2025-02-15,home,2.23,False,True,EPL
2025-02-15,home,1.99,True,True,EPL
2025-02-16,home,2.46,False,True,EPL
2025-02-22,away,2.98,False,False,EPL
2025-02-23,home,2.95,False,False,EPL
2025-02-26,away,1.99,True,False,EPL
2025-02-26,away,2.07,False,True,EPL
2025-03-08,away,1.89,False,False,EPL
2025-03-09,home,2.73,True,False,EPL
2025-04-06,away,2.15,False,False,EPL
2025-04-19,home,2.59,False,False,EPL
2025-04-19,away,1.99,False,True,EPL
2025-04-21,home,2.52,True,False,EPL
2025-04-22,home,1.87,False,True,EPL
2025-05-02,home,1.41,False,True,EPL
2025-05-03,home,2.37,False,True,EPL
2025-05-03,home,2.07,False,False,EPL
2025-05-05,home,2.31,False,False,EPL
2025-05-10,away,2.78,False,True,EPL
2025-05-11,home,2.69,False,False,EPL
2025-05-18,home,2.84,False,False,EPL
2025-05-18,home,2.37,True,True,EPL
2025-05-18,home,2.03,False,True,EPL
2025-05-20,home,1.57,False,True,EPL
2025-05-25,away,2.22,False,True,EPL
2025-08-30,away,2.53,False,False,EPL
2025-08-30,away,2.16,True,False,EPL
2025-09-20,home,2.78,False,False,EPL
2025-09-21,away,2.87,False,False,EPL
2025-09-21,away,2.14,False,False,EPL
2025-10-04,away,2.55,False,True,EPL
2025-11-03,away,2.75,False,False,EPL
2025-11-09,home,2.29,False,True,EPL
2025-11-22,home,2.12,True,True,EPL
2025-11-23,away,2.51,False,True,EPL
2025-11-29,away,2.38,False,False,EPL
2025-11-29,away,2.64,False,True,EPL
2025-12-06,away,1.91,False,False,EPL
2025-12-14,away,2.26,True,False,EPL
2025-12-20,home,2.87,False,False,EPL
2025-12-20,away,2.81,False,False,EPL
2025-12-28,away,2.86,False,False,EPL
2026-01-01,home,1.55,False,False,EPL
2026-01-04,away,2.61,False,False,EPL
2026-01-04,home,1.83,True,False,EPL
2026-01-07,home,1.7,False,True,EPL
2021-08-13,home,2.7,False,True,LALIGA
2021-08-21,away,2.38,True,False,LALIGA
2021-08-21,away,2.98,False,False,LALIGA
2021-08-27,home,2.69,False,True,LALIGA
2021-08-29,home,2.63,False,True,LALIGA
2021-09-19,home,2.76,False,False,LALIGA
2021-09-19,home,2.06,False,False,LALIGA
2021-09-19,away,1.96,False,True,LALIGA
2021-09-21,home,1.9,False,False,LALIGA
2021-09-21,away,2.76,False,True,LALIGA
2021-09-25,home,1.63,False,True,LALIGA
2021-10-02,home,2.2,False,True,LALIGA
2021-10-03,away,1.69,False,False,LALIGA
2021-10-16,home,2.61,False,False,LALIGA
2021-10-23,home,2.82,False,False,LALIGA
2021-10-24,home,2.73,False,False,LALIGA
2021-10-24,home,1.83,False,True,LALIGA
2021-10-26,away,2.74,False,False,LALIGA
2021-10-27,away,1.85,False,False,LALIGA
2021-10-28,home,2.67,False,False,LALIGA
2021-10-28,away,1.71,False,False,LALIGA
2021-10-31,home,2.68,False,False,LALIGA
2021-11-06,away,2.17,True,False,LALIGA
2021-11-06,home,1.4,False,True,LALIGA
2021-11-27,home,2.04,True,False,LALIGA
2021-11-27,away,2.66,False,True,LALIGA
2021-11-28,away,2.43,True,False,LALIGA
2021-12-12,home,1.78,False,True,LALIGA
2021-12-12,away,2.03,True,False,LALIGA
2021-12-17,home,1.99,True,True,LALIGA
2021-12-18,away,2.92,False,False,LALIGA
2021-12-19,home,2.57,False,True,LALIGA
2022-01-08,home,2.22,False,True,LALIGA
2022-01-08,away,1.8,False,False,LALIGA
2022-01-09,away,2.69,False,False,LALIGA
2022-01-21,away,2.35,False,True,LALIGA
2022-02-05,home,2.0,True,True,LALIGA
2022-02-06,away,2.59,False,False,LALIGA
2022-02-12,away,2.74,False,False,LALIGA
2022-02-13,away,1.76,False,False,LALIGA
2022-02-19,away,2.11,True,True,LALIGA
2022-02-20,away,2.25,True,False,LALIGA
2022-02-20,away,2.01,True,True,LALIGA
2022-02-26,away,1.67,False,True,LALIGA
2022-02-27,home,2.29,False,True,LALIGA
2022-03-02,away,2.3,True,True,LALIGA
2022-03-06,home,2.93,False,True,LALIGA
2022-03-06,away,2.44,False,True,LALIGA
2022-03-12,home,2.36,False,False,LALIGA
2022-03-13,away,2.37,True,False,LALIGA
2022-03-19,away,2.86,False,True,LALIGA
2022-04-02,away,1.99,False,False,LALIGA
2022-04-03,home,2.71,False,False,LALIGA
2022-04-04,home,1.58,False,True,LALIGA
2022-04-09,away,1.96,True,False,LALIGA
2022-04-10,away,2.77,False,False,LALIGA
2022-04-10,away,2.05,False,True,LALIGA
2022-04-15,home,2.17,False,False,LALIGA
2022-04-16,home,2.77,False,True,LALIGA
2022-04-16,home,2.78,False,True,LALIGA
2022-04-16,away,2.56,False,True,LALIGA
2022-04-17,home,1.44,False,True,LALIGA
2022-04-24,home,1.33,False,False,LALIGA
2022-04-29,home,1.65,False,False,LALIGA
2022-04-30,away,2.21,False,False,LALIGA
2022-04-30,home,1.51,False,True,LALIGA
2022-04-30,home,2.33,False,False,LALIGA
2022-04-30,away,2.64,False,False,LALIGA
2022-05-01,home,1.32,False,True,LALIGA
2022-05-07,away,2.24,False,True,LALIGA
2022-05-11,home,2.79,False,False,LALIGA
2022-05-11,home,1.63,False,False,LALIGA
2022-05-11,away,1.71,False,True,LALIGA
2022-05-12,home,1.7,False,True,LALIGA
2022-05-15,home,2.36,False,False,LALIGA
2022-05-15,away,2.26,True,False,LALIGA
2022-05-15,away,2.22,True,False,LALIGA
2022-05-21,home,2.79,False,True,LALIGA
2022-05-22,home,2.17,True,False,LALIGA
2022-05-22,home,2.59,False,True,LALIGA
2022-05-22,away,2.8,False,True,LALIGA
2022-08-20,away,2.44,False,True,LALIGA
2022-08-22,home,2.6,False,False,LALIGA
2022-08-22,home,2.85,False,True,LALIGA
2022-09-09,home,2.3,False,True,LALIGA
2022-09-18,home,1.78,False,True,LALIGA
2022-10-09,away,2.51,False,False,LALIGA
2022-10-16,home,2.32,False,True,LALIGA
2022-10-18,home,2.34,False,False,LALIGA
2022-10-29,home,2.02,True,False,LALIGA
2022-11-09,home,2.66,False,False,LALIGA
2022-11-09,away,2.44,False,True,LALIGA
2022-11-09,away,2.19,True,False,LALIGA
2022-12-29,home,2.95,False,False,LALIGA
2022-12-30,home,2.91,False,True,LALIGA
2022-12-31,home,2.02,True,True,LALIGA
2023-01-21,away,2.8,False,False,LALIGA
2023-01-22,home,1.76,False,True,LALIGA
2023-01-22,away,2.48,False,True,LALIGA
2023-01-28,home,2.98,False,True,LALIGA
2023-01-29,away,2.2,False,True,LALIGA
2023-02-04,home,2.23,False,False,LALIGA
2023-02-05,away,1.78,False,False,LALIGA
2023-02-11,away,2.52,False,True,LALIGA
2023-02-11,home,1.99,False,True,LALIGA
2023-02-18,away,2.5,True,False,LALIGA
2023-02-18,away,1.85,False,True,LALIGA
2023-02-19,home,2.97,False,False,LALIGA
2023-02-25,home,2.63,False,True,LALIGA
2023-02-26,home,1.88,False,False,LALIGA
2023-03-04,home,2.84,False,True,LALIGA
2023-03-11,home,2.72,False,False,LALIGA
2023-03-12,away,2.42,False,False,LALIGA
2023-03-12,home,1.77,False,True,LALIGA
2023-03-12,home,2.01,False,False,LALIGA
2023-03-13,away,2.14,False,True,LALIGA
2023-03-19,home,1.89,True,True,LALIGA
2023-03-19,away,2.46,False,True,LALIGA
2023-04-01,away,2.41,False,True,LALIGA
2023-04-02,home,2.46,False,True,LALIGA
2023-04-09,home,2.66,False,False,LALIGA
2023-04-25,home,2.88,False,False,LALIGA
2023-04-30,home,1.83,False,True,LALIGA
2023-05-01,home,2.01,False,False,LALIGA
2023-05-02,away,2.95,False,False,LALIGA
2023-05-03,away,2.64,False,False,LALIGA
2023-05-13,home,2.17,False,True,LALIGA
2023-05-20,away,2.38,False,True,LALIGA
2023-05-21,away,2.22,True,False,LALIGA
2023-05-21,home,2.37,False,False,LALIGA
2023-05-23,away,2.0,True,False,LALIGA
2023-05-24,home,1.65,False,True,LALIGA
2023-05-24,away,2.35,False,False,LALIGA
2023-06-04,home,1.93,False,False,LALIGA
2023-06-04,away,2.57,False,False,LALIGA
2023-06-04,home,2.72,False,False,LALIGA
2023-06-04,home,2.82,False,False,LALIGA
2023-08-11,home,2.62,False,False,LALIGA
2023-08-18,away,2.68,False,True,LALIGA
2023-08-20,home,2.06,False,True,LALIGA
2023-08-26,home,2.71,False,True,LALIGA
2023-09-02,away,2.82,False,False,LALIGA
2023-09-18,away,2.65,False,True,LALIGA
2023-09-23,home,1.94,False,True,LALIGA
2023-09-24,away,2.83,False,False,LALIGA
2023-09-24,home,1.86,False,False,LALIGA
2023-09-24,home,2.88,False,True,LALIGA
2023-09-27,home,2.22,True,False,LALIGA
2023-10-01,home,2.31,False,True,LALIGA
2023-10-08,away,2.68,False,False,LALIGA
2023-10-22,home,2.71,False,False,LALIGA
2023-10-28,home,2.55,False,False,LALIGA
2023-10-29,home,2.1,False,True,LALIGA
2023-11-04,home,1.93,False,True,LALIGA
2023-11-11,home,2.58,False,False,LALIGA
2023-11-26,home,2.17,True,True,LALIGA
2023-12-01,home,2.49,False,True,LALIGA
2023-12-16,away,2.94,False,False,LALIGA
2023-12-17,home,2.66,False,False,LALIGA
2023-12-20,home,2.42,True,True,LALIGA
2024-01-03,away,2.71,False,False,LALIGA
2024-01-12,home,1.95,True,False,LALIGA
2024-01-20,home,2.1,True,False,LALIGA
2024-01-26,home,2.64,True,False,LALIGA
2024-02-03,away,1.87,False,True,LALIGA
2024-02-09,away,2.7,False,True,LALIGA
2024-02-10,home,2.84,False,True,LALIGA
2024-02-16,home,2.02,True,False,LALIGA
2024-02-18,away,2.6,False,True,LALIGA
2024-02-18,home,2.15,True,False,LALIGA
2024-03-03,away,2.43,False,False,LALIGA
2024-03-04,home,2.44,False,True,LALIGA
2024-03-17,home,2.13,True,True,LALIGA
2024-03-31,away,2.44,False,True,LALIGA
2024-04-12,home,2.12,False,True,LALIGA
2024-04-13,home,1.97,False,True,LALIGA
2024-04-21,away,1.99,False,False,LALIGA
2024-04-27,home,2.69,False,False,LALIGA
2024-04-27,away,2.95,False,False,LALIGA
2024-04-27,home,1.97,True,True,LALIGA
2024-04-28,home,2.64,False,True,LALIGA
2024-05-04,away,2.43,False,False,LALIGA
2024-05-05,away,2.84,False,False,LALIGA
2024-05-05,home,2.15,False,False,LALIGA
2024-05-14,home,2.88,False,False,LALIGA
2024-08-26,home,1.94,False,True,LALIGA
2024-08-29,home,1.76,False,True,LALIGA
2024-08-31,home,2.8,False,True,LALIGA
2024-09-01,away,2.8,False,True,LALIGA
2024-09-14,home,2.75,False,True,LALIGA
2024-09-25,home,1.76,False,False,LALIGA
2024-09-28,home,2.66,False,True,LALIGA
2024-10-06,home,2.44,False,True,LALIGA
2024-10-19,home,2.57,False,False,LALIGA
2024-11-02,home,1.71,False,True,LALIGA
2024-11-23,home,2.98,False,True,LALIGA
2024-11-24,home,2.32,False,True,LALIGA
2024-12-01,away,2.68,False,True,LALIGA
2024-12-14,home,2.88,False,False,LALIGA
2024-12-18,home,1.85,False,False,LALIGA
2024-12-22,home,2.32,False,False,LALIGA
2025-01-18,home,1.94,False,False,LALIGA
2025-01-19,away,2.67,False,True,LALIGA
2025-01-26,away,2.88,False,False,LALIGA
2025-02-03,home,1.63,False,True,LALIGA
2025-02-14,home,1.99,False,False,LALIGA
2025-02-23,away,2.98,False,True,LALIGA
2025-03-10,away,2.45,False,False,LALIGA
2025-03-14,home,2.92,False,False,LALIGA
2025-03-15,home,1.98,True,False,LALIGA
2025-03-16,home,3.0,False,False,LALIGA
2025-04-18,home,2.88,False,True,LALIGA
2025-04-20,home,1.68,False,True,LALIGA
2025-04-23,away,1.79,False,True,LALIGA
2025-05-03,away,2.16,False,False,LALIGA
2025-05-05,home,2.04,True,True,LALIGA
2025-05-11,home,2.45,False,True,LALIGA
2025-05-13,home,2.39,False,False,LALIGA
2025-05-18,home,1.94,False,True,LALIGA
2025-05-18,home,1.87,False,False,LALIGA
2025-08-15,home,2.3,False,False,LALIGA
2025-08-30,home,2.49,False,False,LALIGA
2025-09-20,home,1.91,False,False,LALIGA
2025-09-20,away,2.55,False,False,LALIGA
2025-09-26,home,2.53,False,False,LALIGA
2025-10-04,home,2.56,False,False,LALIGA
2025-10-04,home,2.52,False,True,LALIGA
2025-10-05,home,2.42,False,True,LALIGA
2025-10-19,home,2.84,False,False,LALIGA
2025-11-07,away,2.77,False,False,LALIGA
2025-12-14,away,2.78,False,False,LALIGA
2026-01-03,away,2.24,False,True,LALIGA
2026-01-10,home,2.42,False,True,LALIGA
2026-01-10,home,2.26,False,False,LALIGA
2021-08-21,away,1.65,False,True,SERIEA
2021-09-11,home,2.51,False,True,SERIEA
2021-09-12,home,2.22,False,True,SERIEA
2021-09-19,home,2.47,False,False,SERIEA
2021-09-20,away,1.86,False,True,SERIEA
2021-09-21,away,2.03,False,True,SERIEA
2021-09-26,home,2.75,False,True,SERIEA
2021-10-03,away,2.03,True,True,SERIEA
2021-10-16,away,2.19,True,False,SERIEA
2021-10-23,away,2.24,True,True,SERIEA
2021-10-24,away,2.5,False,False,SERIEA
2021-11-20,away,2.42,False,True,SERIEA
2021-11-20,away,2.32,False,False,SERIEA
2021-11-27,home,2.97,False,True,SERIEA
2021-12-04,away,1.99,False,True,SERIEA
2021-12-06,home,2.67,False,True,SERIEA
2021-12-12,home,2.72,False,True,SERIEA
2021-12-18,away,1.93,False,True,SERIEA
2022-01-17,away,2.0,False,True,SERIEA
2022-02-07,home,2.96,False,False,SERIEA
2022-02-26,home,2.77,False,True,SERIEA
2022-02-27,away,2.55,False,True,SERIEA
2022-03-05,away,2.78,False,False,SERIEA
2022-03-06,home,2.91,False,False,SERIEA
2022-03-12,home,2.9,False,True,SERIEA
2022-03-13,away,2.14,False,True,SERIEA
2022-03-19,home,1.53,False,False,SERIEA
2022-03-20,home,2.68,False,True,SERIEA
2022-03-20,away,1.88,False,True,SERIEA
2022-04-10,home,1.78,False,False,SERIEA
2022-04-10,away,1.95,False,False,SERIEA
2022-04-24,away,2.52,False,True,SERIEA
2022-04-27,home,1.61,False,False,SERIEA
2022-05-01,home,2.9,False,False,SERIEA
2022-05-06,away,2.12,False,False,SERIEA
2022-05-07,away,2.07,True,True,SERIEA
2022-05-07,home,2.38,False,False,SERIEA
2022-05-14,home,2.32,False,False,SERIEA
2022-05-15,away,2.73,False,True,SERIEA
2022-05-15,home,1.85,False,True,SERIEA
2022-05-21,home,2.34,False,False,SERIEA
2022-08-13,away,2.9,False,True,SERIEA
2022-08-15,away,2.1,False,True,SERIEA
2022-08-20,home,1.77,False,False,SERIEA
2022-08-26,away,2.34,False,True,SERIEA
2022-08-27,away,2.31,False,True,SERIEA
2022-08-27,away,2.3,False,False,SERIEA
2022-08-28,away,2.16,False,False,SERIEA
2022-08-31,away,2.71,False,False,SERIEA
2022-08-31,home,2.74,False,True,SERIEA
2022-09-04,away,2.35,False,False,SERIEA
2022-09-11,away,2.5,False,False,SERIEA
2022-09-11,home,2.73,False,False,SERIEA
2022-09-18,away,1.92,True,False,SERIEA
2022-09-18,away,1.85,False,False,SERIEA
2022-10-01,home,2.1,True,False,SERIEA
2022-10-02,home,2.39,False,False,SERIEA
2022-10-02,home,2.12,True,True,SERIEA
2022-10-09,away,2.85,False,False,SERIEA
2022-10-10,away,2.91,False,True,SERIEA
2022-10-15,home,2.61,False,True,SERIEA
2022-10-15,away,2.57,False,True,SERIEA
2022-10-22,away,2.08,True,True,SERIEA
2022-10-23,away,2.47,False,True,SERIEA
2022-10-30,away,2.16,False,False,SERIEA
2022-11-05,away,2.59,False,False,SERIEA
2022-11-11,home,2.6,False,True,SERIEA
2022-11-12,home,2.77,False,False,SERIEA
2022-11-13,home,2.14,False,False,SERIEA
2023-01-04,away,1.51,False,True,SERIEA
2023-01-04,away,2.13,True,False,SERIEA
2023-01-07,away,1.59,False,False,SERIEA
2023-01-08,away,2.19,False,False,SERIEA
2023-01-08,home,2.7,False,False,SERIEA
2023-01-09,away,2.22,False,True,SERIEA
2023-01-28,away,1.51,False,True,SERIEA
2023-02-13,home,1.87,False,True,SERIEA
2023-02-18,away,2.13,True,True,SERIEA
2023-02-26,away,1.72,False,False,SERIEA
2023-03-04,away,2.6,False,False,SERIEA
2023-03-05,away,2.92,False,False,SERIEA
2023-03-05,home,2.36,False,False,SERIEA
2023-03-06,home,1.88,False,True,SERIEA
2023-03-11,away,2.52,False,False,SERIEA
2023-03-12,away,2.72,False,True,SERIEA
2023-03-18,away,2.17,False,False,SERIEA
2023-04-01,away,1.68,False,True,SERIEA
2023-04-01,home,1.79,False,False,SERIEA
2023-04-02,away,2.11,True,True,SERIEA
2023-04-03,home,2.55,False,True,SERIEA
2023-04-07,away,1.69,False,True,SERIEA
2023-04-08,home,2.11,False,False,SERIEA
2023-04-08,home,2.4,False,False,SERIEA
2023-04-08,away,2.94,False,False,SERIEA
2023-04-15,away,2.5,True,False,SERIEA
2023-04-15,home,1.45,False,False,SERIEA
2023-04-17,away,2.97,False,False,SERIEA
2023-04-21,home,2.82,False,True,SERIEA
2023-04-22,away,2.31,True,False,SERIEA
2023-04-28,home,2.88,False,False,SERIEA
2023-04-29,away,2.87,False,False,SERIEA
2023-04-29,away,2.51,False,True,SERIEA
2023-04-30,home,1.83,False,True,SERIEA
2023-04-30,away,2.45,False,False,SERIEA
2023-04-30,away,2.26,False,False,SERIEA
2023-05-03,away,2.22,True,False,SERIEA
2023-05-06,away,2.48,False,True,SERIEA
2023-05-07,home,1.88,False,True,SERIEA
2023-05-08,home,2.22,False,True,SERIEA
2023-05-08,home,2.39,False,False,SERIEA
2023-05-12,home,1.73,False,False,SERIEA
2023-05-13,away,1.69,False,False,SERIEA
2023-05-13,away,1.94,False,False,SERIEA
2023-05-19,home,2.19,True,False,SERIEA
2023-05-20,away,2.44,False,True,SERIEA
2023-05-21,home,2.83,False,True,SERIEA
2023-05-27,away,2.59,False,False,SERIEA
2023-06-03,away,2.09,False,True,SERIEA
2023-06-04,home,1.6,False,True,SERIEA
2023-06-04,home,1.99,False,True,SERIEA
2023-08-28,away,2.69,False,False,SERIEA
2023-09-16,away,1.66,False,False,SERIEA
2023-09-17,away,2.65,False,False,SERIEA
2023-09-17,away,2.57,False,False,SERIEA
2023-09-17,away,2.84,False,False,SERIEA
2023-10-01,home,2.38,False,False,SERIEA
2023-10-07,away,1.95,True,True,SERIEA
2023-10-08,home,2.93,False,True,SERIEA
2023-10-21,away,2.57,False,True,SERIEA
2023-11-03,away,2.86,False,False,SERIEA
2023-11-12,home,3.0,False,False,SERIEA
2023-11-25,away,2.68,False,True,SERIEA
2023-12-03,home,2.95,False,False,SERIEA
2023-12-23,away,2.85,False,False,SERIEA
2023-12-23,away,2.57,False,False,SERIEA
2024-01-07,away,2.61,False,False,SERIEA
2024-01-13,away,2.72,False,False,SERIEA
2024-01-14,away,2.55,False,False,SERIEA
2024-01-28,home,2.44,False,False,SERIEA
2024-02-10,away,2.21,True,True,SERIEA
2024-02-11,away,2.1,True,True,SERIEA
2024-02-18,home,2.39,False,False,SERIEA
2024-02-24,away,2.55,False,True,SERIEA
2024-02-25,away,1.87,False,False,SERIEA
2024-03-03,home,2.43,False,True,SERIEA
2024-03-09,away,2.24,False,True,SERIEA
2024-03-16,home,2.09,False,True,SERIEA
2024-03-16,away,2.16,False,True,SERIEA
2024-03-30,home,2.13,False,False,SERIEA
2024-03-30,away,2.58,False,True,SERIEA
2024-04-07,home,2.74,False,False,SERIEA
2024-04-19,away,2.49,True,True,SERIEA
2024-05-03,home,2.86,False,False,SERIEA
2024-05-06,away,2.0,False,False,SERIEA
2024-05-19,home,2.38,False,False,SERIEA
2024-05-19,home,3.0,False,False,SERIEA
2024-08-24,away,1.69,False,False,SERIEA
2024-08-31,home,2.97,False,False,SERIEA
2024-08-31,home,1.5,False,True,SERIEA
2024-09-14,away,2.57,False,False,SERIEA
2024-09-21,home,2.22,False,False,SERIEA
2024-10-04,home,2.52,False,True,SERIEA
2024-10-06,home,1.87,True,False,SERIEA
2024-10-19,home,2.02,False,False,SERIEA
2024-10-20,away,1.63,False,True,SERIEA
2024-10-25,home,2.29,False,True,SERIEA
2024-10-25,home,2.75,False,True,SERIEA
2024-10-27,home,2.19,False,False,SERIEA
2024-10-29,away,2.46,False,True,SERIEA
2024-10-30,away,2.77,False,False,SERIEA
2024-10-31,away,2.52,False,True,SERIEA
2024-11-09,home,2.61,False,False,SERIEA
2024-11-23,away,1.64,False,True,SERIEA
2024-11-24,home,2.68,False,False,SERIEA
2024-11-24,away,2.36,False,True,SERIEA
2024-12-01,away,1.82,False,False,SERIEA
2024-12-15,away,2.29,False,False,SERIEA
2024-12-22,home,1.55,False,True,SERIEA
2025-01-05,home,2.49,False,False,SERIEA
2025-01-05,home,1.88,False,False,SERIEA
2025-01-10,home,1.94,True,False,SERIEA
2025-01-14,away,1.92,False,True,SERIEA
2025-02-03,away,2.04,False,True,SERIEA
2025-02-06,away,2.03,False,False,SERIEA
2025-02-16,away,2.09,True,True,SERIEA
2025-02-22,away,1.93,False,False,SERIEA
2025-02-23,away,2.26,False,False,SERIEA
2025-02-23,away,1.97,False,True,SERIEA
2025-03-02,home,1.93,True,True,SERIEA
2025-03-08,away,2.46,False,False,SERIEA
2025-03-15,home,1.8,False,True,SERIEA
2025-03-16,away,2.87,False,True,SERIEA
2025-03-31,home,2.5,False,False,SERIEA
2025-04-05,away,1.5,False,False,SERIEA
2025-04-13,home,1.72,False,False,SERIEA
2025-04-20,away,2.39,False,False,SERIEA
2025-04-23,away,2.5,False,True,SERIEA
2025-04-23,away,1.78,False,False,SERIEA
2025-04-27,away,1.71,False,True,SERIEA
2025-04-28,home,1.52,False,False,SERIEA
2025-04-28,home,2.7,False,False,SERIEA
2025-05-02,home,2.51,False,False,SERIEA
2025-05-09,home,2.36,False,True,SERIEA
2025-05-12,away,2.46,False,False,SERIEA
2025-05-25,home,1.78,False,False,SERIEA
2025-08-24,away,2.29,False,False,SERIEA
2025-08-24,away,3.0,False,False,SERIEA
2025-08-29,away,2.9,False,False,SERIEA
2025-08-30,away,1.98,False,False,SERIEA
2025-09-13,away,2.82,False,False,SERIEA
2025-09-21,away,2.98,False,False,SERIEA
2025-09-21,home,2.64,False,False,SERIEA
2025-09-28,away,2.08,False,False,SERIEA
2025-09-29,away,2.63,False,True,SERIEA
2025-10-04,home,2.27,False,False,SERIEA
2025-10-19,away,2.54,False,False,SERIEA
2025-10-20,away,2.51,False,False,SERIEA
2025-10-25,away,2.6,False,False,SERIEA
2025-10-25,away,1.63,False,False,SERIEA
2025-10-28,home,2.71,False,False,SERIEA
2025-11-07,home,2.34,False,True,SERIEA
2025-11-09,away,2.87,False,False,SERIEA
2025-12-06,away,2.51,False,False,SERIEA
2025-12-07,home,2.65,False,False,SERIEA
2025-12-20,home,1.66,False,False,SERIEA
2025-12-21,home,2.27,False,True,SERIEA
2025-12-27,away,2.34,False,False,SERIEA
2025-12-27,away,2.56,False,False,SERIEA
2026-01-04,home,1.79,False,True,SERIEA
2026-01-07,away,2.68,False,True,SERIEA
2026-01-11,away,2.4,False,True,SERIEA
2021-08-21,home,2.74,False,True,BUNDESLIGA
2021-08-21,home,2.62,False,False,BUNDESLIGA
2021-08-21,away,2.35,False,True,BUNDESLIGA
2021-08-21,home,2.39,False,True,BUNDESLIGA
2021-08-28,away,2.13,False,False,BUNDESLIGA
2021-08-29,home,2.62,False,True,BUNDESLIGA
2021-09-12,home,2.07,False,False,BUNDESLIGA
2021-09-25,home,2.08,True,False,BUNDESLIGA
2021-09-26,home,1.93,False,True,BUNDESLIGA
2021-10-02,home,2.72,False,True,BUNDESLIGA
2021-10-02,home,2.21,False,False,BUNDESLIGA
2021-10-23,home,2.19,False,False,BUNDESLIGA
2021-11-05,away,2.63,False,False,BUNDESLIGA
2021-11-26,home,2.95,False,True,BUNDESLIGA
2021-11-27,away,2.46,False,False,BUNDESLIGA
2021-11-27,home,2.22,False,False,BUNDESLIGA
2021-12-05,home,2.31,False,False,BUNDESLIGA
2021-12-11,home,2.44,False,False,BUNDESLIGA
2021-12-14,home,2.23,True,False,BUNDESLIGA
2021-12-18,home,2.46,True,True,BUNDESLIGA
2022-01-07,home,1.37,False,False,BUNDESLIGA
2022-01-09,home,2.87,False,False,BUNDESLIGA
2022-01-15,home,2.88,False,True,BUNDESLIGA
2022-01-21,home,1.8,False,False,BUNDESLIGA
2022-02-05,away,2.72,False,False,BUNDESLIGA
2022-02-05,away,2.94,False,False,BUNDESLIGA
2022-02-12,home,2.18,False,False,BUNDESLIGA
2022-02-19,home,2.85,False,False,BUNDESLIGA
2022-02-26,home,2.69,False,True,BUNDESLIGA
2022-03-05,home,2.3,False,True,BUNDESLIGA
2022-03-06,away,2.65,False,True,BUNDESLIGA
2022-03-19,home,2.07,False,True,BUNDESLIGA
2022-03-20,away,2.04,True,False,BUNDESLIGA
2022-04-01,home,2.35,False,True,BUNDESLIGA
2022-04-02,away,2.36,False,False,BUNDESLIGA
2022-04-03,home,2.35,False,False,BUNDESLIGA
2022-04-09,away,2.62,False,True,BUNDESLIGA
2022-04-10,home,2.58,False,False,BUNDESLIGA
2022-04-16,home,2.03,True,False,BUNDESLIGA
2022-04-22,home,2.37,True,True,BUNDESLIGA
2022-04-23,home,2.6,False,False,BUNDESLIGA
2022-04-30,home,2.91,False,False,BUNDESLIGA
2022-05-06,home,2.23,True,True,BUNDESLIGA
2022-05-08,home,2.41,True,False,BUNDESLIGA
2022-05-14,home,2.4,False,True,BUNDESLIGA
2022-05-14,home,2.27,False,True,BUNDESLIGA
2022-08-06,home,2.15,False,True,BUNDESLIGA
2022-08-07,home,1.75,True,True,BUNDESLIGA
2022-08-20,home,1.72,False,False,BUNDESLIGA
2022-08-20,home,1.88,False,False,BUNDESLIGA
2022-09-03,home,2.99,False,False,BUNDESLIGA
2022-09-03,home,1.92,False,False,BUNDESLIGA
2022-09-03,home,1.79,False,False,BUNDESLIGA
2022-09-10,away,1.94,False,False,BUNDESLIGA
2022-09-10,home,2.39,False,True,BUNDESLIGA
2022-09-17,home,1.41,False,True,BUNDESLIGA
2022-09-17,home,1.67,False,False,BUNDESLIGA
2022-10-01,home,2.41,False,True,BUNDESLIGA
2022-10-07,home,2.05,False,False,BUNDESLIGA
2022-10-08,home,1.47,False,True,BUNDESLIGA
2022-10-08,away,2.36,False,False,BUNDESLIGA
2022-10-09,away,2.41,False,False,BUNDESLIGA
2022-10-09,away,2.97,False,True,BUNDESLIGA
2022-10-14,away,2.02,True,True,BUNDESLIGA
2022-10-15,home,2.69,False,False,BUNDESLIGA
2022-10-22,home,1.94,True,True,BUNDESLIGA
2022-10-23,home,1.78,False,True,BUNDESLIGA
2022-10-30,away,1.94,False,True,BUNDESLIGA
2022-11-04,home,2.26,False,True,BUNDESLIGA
2022-11-05,away,2.33,False,True,BUNDESLIGA
2022-11-06,home,2.2,False,True,BUNDESLIGA
2022-11-09,home,1.96,False,True,BUNDESLIGA
2022-11-09,away,2.11,True,False,BUNDESLIGA
2022-11-12,away,1.96,True,True,BUNDESLIGA
2023-01-21,home,2.44,False,True,BUNDESLIGA
2023-01-21,home,2.29,False,True,BUNDESLIGA
2023-01-21,home,2.58,False,True,BUNDESLIGA
2023-01-21,home,2.25,False,True,BUNDESLIGA
2023-01-24,away,1.59,False,True,BUNDESLIGA
2023-01-25,away,2.38,False,True,BUNDESLIGA
2023-01-25,home,2.58,False,False,BUNDESLIGA
2023-01-29,away,2.02,True,False,BUNDESLIGA
2023-01-29,home,2.5,False,False,BUNDESLIGA
2023-02-04,home,1.56,False,False,BUNDESLIGA
2023-02-05,home,2.09,False,False,BUNDESLIGA
2023-02-10,away,1.99,True,False,BUNDESLIGA
2023-02-11,away,1.83,False,True,BUNDESLIGA
2023-02-19,home,1.61,False,False,BUNDESLIGA
2023-02-25,home,1.73,False,True,BUNDESLIGA
2023-02-25,away,2.47,False,False,BUNDESLIGA
2023-03-04,home,2.44,True,False,BUNDESLIGA
2023-03-04,home,2.52,False,False,BUNDESLIGA
2023-03-05,home,1.58,False,True,BUNDESLIGA
2023-03-11,away,1.74,False,False,BUNDESLIGA
2023-03-12,away,2.15,False,True,BUNDESLIGA
2023-03-18,home,2.38,True,False,BUNDESLIGA
2023-03-18,home,2.13,False,True,BUNDESLIGA
2023-04-01,away,1.93,False,True,BUNDESLIGA
2023-04-09,home,1.95,False,True,BUNDESLIGA
2023-04-16,away,2.64,False,True,BUNDESLIGA
2023-04-23,home,1.81,False,True,BUNDESLIGA
2023-05-05,home,1.65,False,False,BUNDESLIGA
2023-05-14,away,2.78,False,False,BUNDESLIGA
2023-05-20,away,2.31,True,False,BUNDESLIGA
2023-05-27,away,2.02,False,False,BUNDESLIGA
2023-05-27,home,2.41,False,True,BUNDESLIGA
2023-05-27,home,2.19,True,True,BUNDESLIGA
2023-05-27,home,1.63,False,True,BUNDESLIGA
2023-09-16,home,2.57,False,False,BUNDESLIGA
2023-09-23,home,2.15,False,False,BUNDESLIGA
2023-09-30,home,2.89,False,False,BUNDESLIGA
2023-09-30,away,2.32,False,False,BUNDESLIGA
2023-10-07,home,2.75,False,False,BUNDESLIGA
2023-10-21,home,2.56,False,False,BUNDESLIGA
2023-10-28,home,1.8,False,True,BUNDESLIGA
2023-11-04,home,2.32,False,False,BUNDESLIGA
2023-11-04,home,2.57,False,False,BUNDESLIGA
2023-11-11,away,2.56,False,False,BUNDESLIGA
2023-11-25,home,2.01,True,False,BUNDESLIGA
2023-11-25,home,2.65,False,False,BUNDESLIGA
2023-12-01,away,2.71,False,True,BUNDESLIGA
2023-12-02,home,2.26,False,True,BUNDESLIGA
2023-12-09,home,2.18,False,True,BUNDESLIGA
2023-12-09,home,2.45,False,True,BUNDESLIGA
2023-12-16,away,2.21,False,True,BUNDESLIGA
2023-12-20,away,2.44,False,False,BUNDESLIGA
2024-01-13,home,2.1,True,False,BUNDESLIGA
2024-01-20,home,2.07,False,True,BUNDESLIGA
2024-01-20,away,2.58,False,False,BUNDESLIGA
2024-01-20,home,2.44,False,False,BUNDESLIGA
2024-01-21,home,1.91,False,False,BUNDESLIGA
2024-02-03,home,2.12,False,False,BUNDESLIGA
2024-02-04,home,2.14,False,False,BUNDESLIGA
2024-02-16,home,2.57,False,False,BUNDESLIGA
2024-02-24,home,2.02,True,True,BUNDESLIGA
2024-02-24,home,2.04,False,False,BUNDESLIGA
2024-03-02,away,2.59,False,True,BUNDESLIGA
2024-03-09,home,1.88,False,True,BUNDESLIGA
2024-03-16,away,2.8,False,False,BUNDESLIGA
2024-03-16,home,2.12,True,False,BUNDESLIGA
2024-04-06,home,2.33,False,True,BUNDESLIGA
2024-04-19,home,2.06,False,True,BUNDESLIGA
2024-04-21,home,2.56,False,False,BUNDESLIGA
2024-04-21,home,2.58,False,False,BUNDESLIGA
2024-05-04,home,1.86,True,True,BUNDESLIGA
2024-05-05,home,1.97,True,False,BUNDESLIGA
2024-05-18,away,2.07,False,False,BUNDESLIGA
2024-05-18,home,2.37,False,True,BUNDESLIGA
2024-09-01,home,2.42,False,True,BUNDESLIGA
2024-09-15,home,2.09,False,True,BUNDESLIGA
2024-09-29,home,2.4,False,False,BUNDESLIGA
2024-10-19,home,1.7,False,True,BUNDESLIGA
2024-11-02,home,1.88,False,False,BUNDESLIGA
2024-11-10,home,2.91,False,False,BUNDESLIGA
2024-11-23,home,2.37,False,True,BUNDESLIGA
2024-12-08,home,2.73,False,False,BUNDESLIGA
2024-12-15,home,2.11,True,True,BUNDESLIGA
2024-12-21,home,2.4,False,False,BUNDESLIGA
2025-01-11,home,2.44,False,False,BUNDESLIGA
2025-01-15,home,2.64,False,True,BUNDESLIGA
2025-01-17,away,2.71,False,False,BUNDESLIGA
2025-01-18,home,2.43,True,False,BUNDESLIGA
2025-01-25,home,1.63,False,False,BUNDESLIGA
2025-02-09,home,1.57,False,True,BUNDESLIGA
2025-02-14,away,2.48,False,False,BUNDESLIGA
2025-02-15,away,2.94,False,True,BUNDESLIGA
2025-03-01,away,2.88,False,True,BUNDESLIGA
2025-03-01,home,2.02,False,False,BUNDESLIGA
2025-03-01,away,1.87,False,True,BUNDESLIGA
2025-03-08,home,1.55,False,False,BUNDESLIGA
2025-03-08,away,2.81,False,False,BUNDESLIGA
2025-03-16,home,2.03,True,True,BUNDESLIGA
2025-03-29,home,2.43,False,False,BUNDESLIGA
2025-03-29,away,2.41,False,False,BUNDESLIGA
2025-04-05,away,2.31,False,True,BUNDESLIGA
2025-04-06,away,2.89,False,False,BUNDESLIGA
2025-04-12,home,2.69,False,True,BUNDESLIGA
2025-05-02,home,2.32,True,False,BUNDESLIGA
2025-05-03,away,2.61,False,True,BUNDESLIGA
2025-05-04,away,2.33,False,False,BUNDESLIGA
2025-05-10,away,2.92,False,False,BUNDESLIGA
2025-05-11,home,2.66,False,False,BUNDESLIGA
2025-09-27,away,2.24,False,True,BUNDESLIGA
2025-10-05,away,2.48,False,False,BUNDESLIGA
2025-10-18,away,2.56,False,True,BUNDESLIGA
2025-11-02,home,2.77,False,False,BUNDESLIGA
2025-11-08,away,2.43,False,False,BUNDESLIGA
2025-11-08,home,2.28,False,True,BUNDESLIGA
2025-11-21,home,2.59,False,False,BUNDESLIGA
2025-11-29,home,2.28,False,False,BUNDESLIGA
2025-11-29,home,2.54,False,False,BUNDESLIGA
2025-12-05,home,2.68,False,False,BUNDESLIGA
2025-12-07,away,3.0,False,False,BUNDESLIGA
2025-12-20,away,2.51,False,False,BUNDESLIGA
2025-12-20,home,2.07,False,False,BUNDESLIGA
2026-01-10,home,2.95,False,False,BUNDESLIGA
2013-03-03,away,2.77,False,True,MLS
2013-03-03,home,1.99,True,False,MLS
2013-03-04,away,2.81,False,False,MLS
2013-03-11,home,2.21,True,True,MLS
2013-03-17,home,1.75,False,False,MLS
2013-03-17,home,1.45,False,False,MLS
2013-03-24,home,2.35,False,True,MLS
2013-03-24,home,1.89,False,False,MLS
2013-03-30,away,2.27,False,False,MLS
2013-03-30,home,2.34,False,False,MLS
2013-03-31,away,2.86,False,False,MLS
2013-04-07,home,2.84,False,True,MLS
2013-04-14,home,2.68,False,False,MLS
2013-04-20,away,2.46,False,False,MLS
2013-04-21,home,2.41,False,True,MLS
2013-04-21,home,2.52,False,False,MLS
2013-04-22,home,2.0,True,False,MLS
2013-04-27,away,2.5,False,True,MLS
2013-04-28,home,2.84,False,True,MLS
2013-04-28,away,1.96,True,False,MLS
2013-05-04,home,1.79,False,False,MLS
2013-05-09,home,2.18,False,False,MLS
2013-05-09,home,1.59,False,True,MLS
2013-05-11,home,2.2,False,False,MLS
2013-05-19,home,3.0,False,False,MLS
2013-05-26,home,2.88,True,False,MLS
2013-05-26,home,2.16,True,True,MLS
2013-06-02,home,2.65,True,False,MLS
2013-06-09,home,2.39,True,False,MLS
2013-06-16,home,2.5,True,False,MLS
2013-06-16,home,3.0,False,True,MLS
2013-06-20,home,2.02,True,False,MLS
2013-06-23,home,2.96,False,True,MLS
2013-06-23,home,1.97,True,False,MLS
2013-06-30,home,2.13,False,False,MLS
2013-06-30,home,2.77,False,True,MLS
2013-07-14,home,2.0,True,True,MLS
2013-07-14,away,2.8,False,False,MLS
2013-07-20,home,2.04,True,False,MLS
2013-07-21,home,2.67,False,False,MLS
2013-07-27,away,2.91,False,False,MLS
2013-07-28,home,2.84,False,False,MLS
2013-07-28,home,2.76,True,True,MLS
2013-08-04,home,2.91,False,True,MLS
2013-08-04,home,1.45,False,True,MLS
2013-08-11,away,2.54,False,True,MLS
2013-08-11,home,2.21,False,True,MLS
2013-08-18,home,2.04,True,True,MLS
2013-08-25,home,2.04,True,False,MLS
2013-08-26,home,1.96,True,True,MLS
2013-09-01,home,2.02,False,True,MLS
2013-09-08,home,2.06,True,False,MLS
2013-09-08,home,2.79,False,False,MLS
2013-09-09,home,1.86,False,True,MLS
2013-09-15,home,1.78,False,False,MLS
2013-09-29,away,2.89,False,False,MLS
2013-10-07,home,2.54,False,False,MLS
2013-10-10,home,2.05,True,True,MLS
2013-10-27,home,2.94,False,False,MLS
2013-10-28,home,2.44,False,False,MLS
2013-11-03,home,2.27,True,False,MLS
2013-11-03,home,2.35,False,False,MLS
2013-11-11,home,2.48,True,True,MLS
2014-03-16,away,2.39,False,False,MLS
2014-03-22,home,2.47,False,False,MLS
2014-03-30,home,1.92,False,True,MLS
2014-04-13,away,2.82,False,False,MLS
2014-04-20,home,2.97,False,False,MLS
2014-04-20,home,1.99,True,True,MLS
2014-04-27,home,1.66,False,True,MLS
2014-05-04,away,2.63,False,True,MLS
2014-05-04,home,1.89,False,True,MLS
2014-05-11,home,2.17,False,True,MLS
2014-05-11,home,2.75,False,False,MLS
2014-05-11,home,1.66,False,False,MLS
2014-05-11,home,2.6,False,True,MLS
2014-05-18,home,1.76,False,False,MLS
2014-05-24,home,1.93,False,False,MLS
2014-05-25,home,2.03,True,True,MLS
2014-05-26,home,2.51,False,True,MLS
2014-05-29,away,2.7,False,True,MLS
2014-06-01,away,2.67,False,False,MLS
2014-06-02,home,2.63,False,False,MLS
2014-06-09,home,1.48,False,False,MLS
2014-06-28,home,1.79,False,False,MLS
2014-06-29,away,2.39,False,False,MLS
2014-07-03,home,2.25,True,False,MLS
2014-07-03,home,2.06,True,False,MLS
2014-07-05,home,2.29,False,True,MLS
2014-07-06,home,2.59,False,True,MLS
2014-07-06,away,2.85,False,False,MLS
2014-07-12,home,2.05,True,False,MLS
2014-07-13,home,1.74,False,False,MLS
2014-07-20,home,2.5,True,False,MLS
2014-07-24,home,2.27,False,True,MLS
2014-07-26,home,1.65,False,True,MLS
2014-07-27,home,2.37,False,False,MLS
2014-07-27,home,2.18,False,False,MLS
2014-07-31,home,2.79,False,True,MLS
2014-08-02,home,2.33,True,False,MLS
2014-08-03,home,2.69,False,True,MLS
2014-08-04,home,1.97,True,True,MLS
2014-08-10,home,2.13,True,False,MLS
2014-08-10,home,1.97,True,True,MLS
2014-08-16,home,2.41,False,True,MLS
2014-08-17,home,1.89,False,True,MLS
2014-08-31,home,2.72,False,True,MLS
2014-08-31,home,2.37,False,True,MLS
2014-08-31,home,2.96,False,False,MLS
2014-08-31,away,2.81,False,False,MLS
2014-09-04,home,2.37,False,True,MLS
2014-09-07,home,2.12,True,True,MLS
2014-09-11,home,1.78,False,True,MLS
2014-09-14,home,2.29,True,False,MLS
2014-09-21,home,2.04,True,False,MLS
2014-10-04,away,2.69,False,False,MLS
2014-10-05,home,2.36,False,False,MLS
2014-10-12,home,2.14,True,True,MLS
2014-10-12,away,2.7,False,False,MLS
2014-10-12,home,2.15,True,False,MLS
2014-10-18,home,2.99,False,False,MLS
2014-10-19,home,1.96,True,False,MLS
2014-10-25,home,2.62,True,False,MLS
2014-10-26,away,2.56,False,False,MLS
2014-11-02,home,3.0,False,False,MLS
2014-11-02,home,1.89,False,True,MLS
2014-11-08,away,2.98,False,False,MLS
2014-11-09,home,2.33,False,True,MLS
2015-03-07,home,2.13,False,False,MLS
2015-03-14,home,2.22,True,True,MLS
2015-03-21,home,2.44,False,False,MLS
2015-03-29,home,2.64,False,True,MLS
2015-03-30,home,1.94,False,True,MLS
2015-04-04,home,2.78,False,True,MLS
2015-04-19,home,1.95,True,True,MLS
2015-04-19,home,2.25,False,False,MLS
2015-05-02,home,2.42,False,False,MLS
2015-05-07,home,2.99,False,False,MLS
2015-05-16,home,2.45,False,False,MLS
2015-05-17,home,2.99,False,True,MLS
2015-05-17,away,2.7,False,False,MLS
2015-05-23,home,1.9,False,True,MLS
2015-05-24,home,1.93,False,True,MLS
2015-05-28,home,1.89,False,True,MLS
2015-06-04,home,2.93,False,True,MLS
2015-06-07,home,2.31,False,False,MLS
2015-06-07,home,2.16,True,False,MLS
2015-06-07,home,2.64,True,False,MLS
2015-06-25,home,2.34,True,True,MLS
2015-06-28,home,2.6,False,False,MLS
2015-07-04,home,2.13,False,True,MLS
2015-07-05,home,2.47,True,False,MLS
2015-07-19,home,2.01,False,True,MLS
2015-07-19,home,2.24,True,True,MLS
2015-07-19,home,2.31,True,False,MLS
2015-07-25,home,2.56,False,True,MLS
2015-07-26,away,2.71,False,False,MLS
2015-08-02,home,2.86,False,False,MLS
2015-08-02,home,2.12,True,True,MLS
2015-08-16,home,2.47,False,False,MLS
2015-08-16,home,1.96,True,True,MLS
2015-08-23,home,2.81,False,False,MLS
2015-09-17,home,2.59,False,True,MLS
2015-09-17,home,2.58,False,True,MLS
2015-09-20,home,2.65,False,False,MLS
2015-10-03,home,2.39,False,True,MLS
2015-10-10,home,2.85,False,False,MLS
2015-10-18,home,2.65,False,False,MLS
2015-10-28,home,2.95,False,True,MLS
2016-03-13,away,2.83,False,False,MLS
2016-03-13,home,2.71,False,False,MLS
2016-03-20,home,2.36,False,False,MLS
2016-03-20,home,2.32,False,False,MLS
2016-03-20,home,2.11,False,True,MLS
2016-04-09,home,2.05,True,False,MLS
2016-04-14,home,2.19,False,False,MLS
2016-04-16,home,2.77,False,False,MLS
2016-04-16,home,2.68,False,False,MLS
2016-04-28,home,2.45,False,False,MLS
2016-04-30,home,2.27,False,True,MLS
2016-05-01,home,1.98,True,True,MLS
2016-05-12,away,2.9,False,False,MLS
2016-05-22,home,2.09,True,False,MLS
2016-06-23,home,2.01,True,False,MLS
2016-06-26,home,2.87,False,True,MLS
2016-07-07,home,2.02,True,False,MLS
2016-07-09,home,2.52,False,False,MLS
2016-07-10,home,2.2,False,False,MLS
2016-07-11,home,2.07,True,True,MLS
2016-07-17,home,2.24,False,True,MLS
2016-07-17,home,2.29,False,False,MLS
2016-07-24,home,1.8,False,True,MLS
2016-07-30,home,2.57,False,True,MLS
2016-07-31,home,2.49,False,False,MLS
2016-07-31,home,2.58,False,False,MLS
2016-08-06,home,2.17,False,False,MLS
2016-08-07,home,2.4,False,False,MLS
2016-08-08,away,2.96,False,True,MLS
2016-08-14,home,2.0,True,False,MLS
2016-08-14,home,2.01,True,False,MLS
2016-08-21,home,2.36,False,False,MLS
2016-08-25,home,2.51,False,False,MLS
2016-08-27,home,2.37,False,True,MLS
2016-08-29,home,2.57,False,True,MLS
2016-09-04,home,2.78,False,False,MLS
2016-09-04,home,2.06,False,True,MLS
2016-09-04,home,2.06,True,True,MLS
2016-09-11,home,2.16,True,True,MLS
2016-09-12,home,1.75,False,True,MLS
2016-09-25,home,2.64,False,False,MLS
2016-10-09,home,2.41,False,False,MLS
2016-10-16,home,2.35,False,False,MLS
2016-10-23,home,2.77,False,True,MLS
2016-10-30,home,2.1,True,True,MLS
2016-10-31,home,2.3,False,True,MLS
2016-11-06,home,2.42,False,False,MLS
2016-11-23,home,1.92,False,True,MLS
2017-03-04,home,2.39,False,False,MLS
2017-03-04,home,2.71,False,False,MLS
2017-03-11,home,2.96,False,False,MLS
2017-03-12,home,2.6,False,False,MLS
2017-03-12,home,2.18,True,False,MLS
2017-03-18,home,2.52,False,False,MLS
2017-04-02,home,2.22,False,True,MLS
2017-04-02,home,2.76,False,True,MLS
2017-04-08,home,2.37,False,True,MLS
2017-04-15,home,2.35,False,False,MLS
2017-04-15,home,2.88,False,True,MLS
2017-04-15,home,2.14,False,True,MLS
2017-04-30,home,2.6,False,False,MLS
2017-05-07,home,2.09,True,False,MLS
2017-05-18,home,2.4,False,True,MLS
2017-05-20,home,2.19,False,False,MLS
2017-05-20,home,2.41,False,False,MLS
2017-05-21,away,2.95,False,True,MLS
2017-05-27,home,2.14,False,True,MLS
2017-05-28,home,2.4,False,True,MLS
2017-05-28,home,2.24,False,True,MLS
2017-06-05,home,2.34,False,False,MLS
2017-06-18,home,2.07,False,False,MLS
2017-06-18,home,2.72,False,True,MLS
2017-06-18,home,2.86,True,False,MLS
2017-06-22,home,2.82,False,True,MLS
2017-06-24,home,1.96,True,False,MLS
2017-07-02,home,2.67,False,True,MLS
2017-07-05,home,2.2,True,False,MLS
2017-07-06,home,2.8,False,False,MLS
2017-07-06,home,2.59,False,True,MLS
2017-07-06,home,1.98,True,False,MLS
2017-07-20,home,2.01,True,False,MLS
2017-07-22,home,2.71,False,False,MLS
2017-07-23,home,2.56,False,False,MLS
2017-07-23,home,3.0,False,False,MLS
2017-07-23,home,2.74,False,False,MLS
2017-07-27,home,2.49,False,True,MLS
2017-07-30,home,2.71,False,True,MLS
2017-07-30,home,2.05,True,True,MLS
2017-07-30,home,2.57,False,False,MLS
2017-08-07,home,2.08,False,False,MLS
2017-08-13,home,2.29,False,True,MLS
2017-08-13,home,2.56,True,False,MLS
2017-08-17,home,2.4,False,True,MLS
2017-08-26,home,2.02,True,False,MLS
2017-08-27,home,2.65,False,False,MLS
2017-08-28,home,2.06,True,False,MLS
2017-09-03,home,2.13,False,False,MLS
2017-09-10,home,2.76,False,False,MLS
2017-09-17,home,2.72,False,False,MLS
2017-09-17,home,2.88,False,False,MLS
2017-09-24,home,2.5,False,True,MLS
2017-10-01,home,2.38,False,False,MLS
2017-10-01,home,3.0,False,True,MLS
2017-10-15,home,2.92,False,True,MLS
2017-10-15,home,2.09,True,False,MLS
2017-10-15,home,2.74,False,False,MLS
2017-10-30,home,2.9,False,False,MLS
2017-10-30,home,2.46,False,False,MLS
2017-11-01,home,2.19,False,True,MLS
2018-03-04,home,2.38,False,False,MLS
2018-03-11,home,2.43,True,True,MLS
2018-04-08,home,2.55,False,True,MLS
2018-04-14,home,2.43,False,False,MLS
2018-04-14,home,2.45,False,False,MLS
2018-04-15,home,2.89,False,True,MLS
2018-04-15,home,2.04,True,False,MLS
2018-04-21,home,2.38,False,False,MLS
2018-04-22,home,2.25,False,True,MLS
2018-05-05,home,2.28,False,True,MLS
2018-05-12,home,2.28,False,False,MLS
2018-05-19,home,1.68,False,True,MLS
2018-05-19,home,2.14,False,True,MLS
2018-05-21,home,2.58,False,False,MLS
2018-05-31,home,2.46,False,True,MLS
2018-06-24,home,2.37,False,True,MLS
2018-06-30,home,2.3,False,False,MLS
2018-07-01,home,2.89,False,True,MLS
2018-07-01,home,2.59,False,True,MLS
2018-07-01,home,2.37,False,False,MLS
2018-07-15,home,2.92,False,False,MLS
2018-07-27,home,2.8,False,False,MLS
2018-07-29,home,2.21,False,True,MLS
2018-08-05,home,2.22,False,False,MLS
2018-08-05,away,2.87,False,True,MLS
2018-08-12,home,2.07,True,False,MLS
2018-08-13,home,2.07,False,True,MLS
2018-08-19,home,2.66,False,True,MLS
2018-08-19,away,2.88,False,False,MLS
2018-08-25,home,2.63,False,False,MLS
2018-08-30,home,3.0,False,True,MLS
2018-09-29,home,2.96,False,True,MLS
2018-09-30,home,2.28,False,False,MLS
2018-10-06,home,2.42,False,True,MLS
2018-10-28,home,2.94,False,False,MLS
2018-10-28,home,2.58,False,True,MLS
2019-03-02,home,2.2,True,False,MLS
2019-03-03,away,2.88,False,False,MLS
2019-03-09,home,2.31,False,True,MLS
2019-03-10,home,2.45,False,False,MLS
2019-03-17,home,2.62,True,True,MLS
2019-03-30,home,2.13,True,True,MLS
2019-03-30,home,2.4,False,False,MLS
2019-04-06,home,2.75,False,False,MLS
2019-04-06,home,2.09,True,False,MLS
2019-04-14,away,2.81,False,True,MLS
2019-04-14,home,1.92,False,True,MLS
2019-04-27,home,1.71,False,False,MLS
2019-04-27,home,2.5,False,False,MLS
2019-04-28,home,2.8,False,False,MLS
2019-05-04,home,1.96,True,True,MLS
2019-05-05,home,2.49,False,True,MLS
2019-05-09,home,1.89,False,False,MLS
2019-05-11,home,2.3,True,True,MLS
2019-05-11,home,2.04,True,False,MLS
2019-05-12,home,2.03,True,True,MLS
2019-05-12,home,1.93,False,True,MLS
2019-05-19,home,2.77,False,True,MLS
2019-05-25,away,2.85,False,False,MLS
2019-05-27,home,1.89,False,False,MLS
2019-05-30,home,1.52,False,True,MLS
2019-05-30,home,2.69,False,False,MLS
2019-06-01,home,2.8,False,False,MLS
2019-06-01,home,1.98,True,False,MLS
2019-06-01,home,1.7,False,True,MLS
2019-06-02,home,2.66,False,False,MLS
2019-06-02,home,1.94,True,False,MLS
2019-06-02,home,2.84,False,False,MLS
2019-06-23,home,2.88,False,False,MLS
2019-06-23,home,2.02,True,False,MLS
2019-06-27,home,2.04,True,True,MLS
2019-06-29,home,2.14,True,True,MLS
2019-06-30,home,2.1,False,True,MLS
2019-06-30,home,2.29,True,False,MLS
2019-06-30,home,1.93,False,True,MLS
2019-07-07,home,2.0,True,False,MLS
2019-07-07,home,2.33,True,True,MLS
2019-07-13,home,2.36,False,False,MLS
2019-07-13,home,2.14,True,False,MLS
2019-07-14,home,2.81,False,False,MLS
2019-07-14,home,2.43,False,True,MLS
2019-07-14,home,2.39,True,True,MLS
2019-07-18,home,1.68,False,True,MLS
2019-07-19,home,2.58,False,False,MLS
2019-07-21,home,2.01,True,False,MLS
2019-08-03,home,2.23,True,True,MLS
2019-08-04,home,2.85,False,False,MLS
2019-08-04,home,2.27,False,False,MLS
2019-08-05,home,2.63,False,False,MLS
2019-08-18,home,1.88,False,False,MLS
2019-08-18,home,2.12,True,True,MLS
2019-08-18,home,2.58,False,True,MLS
2019-08-23,home,1.8,False,True,MLS
2019-09-01,home,2.51,False,False,MLS
2019-09-01,away,2.87,False,False,MLS
2019-09-12,home,2.22,False,False,MLS
2019-09-12,home,2.47,True,True,MLS
2019-09-12,home,2.74,True,True,MLS
2019-09-14,home,1.94,True,True,MLS
2019-09-15,home,2.83,False,False,MLS
2019-09-15,home,2.58,False,True,MLS
2019-09-21,home,1.79,False,True,MLS
2019-09-22,home,1.89,False,True,MLS
2019-09-22,home,2.05,True,False,MLS
2019-09-22,home,2.02,True,True,MLS
2019-09-29,home,2.37,False,True,MLS
2019-09-29,home,2.66,True,False,MLS
2019-09-29,away,2.84,False,False,MLS
2019-10-06,home,2.4,False,True,MLS
2019-10-06,home,2.37,True,True,MLS
2019-10-06,home,1.85,False,True,MLS
2019-10-25,home,1.69,False,True,MLS
2019-10-31,home,1.83,False,False,MLS
2020-02-29,home,2.92,False,True,MLS
2020-03-01,home,1.59,False,True,MLS
2020-03-01,home,2.07,False,True,MLS
2020-03-07,home,2.36,False,True,MLS
2020-03-08,home,1.6,False,True,MLS
2020-07-09,home,2.75,False,True,MLS
2020-07-09,home,2.09,False,False,MLS
2020-07-10,home,2.92,False,False,MLS
2020-07-11,home,1.98,True,False,MLS
2020-07-12,home,2.53,False,False,MLS
2020-07-13,home,2.99,False,True,MLS
2020-07-14,home,2.67,False,False,MLS
2020-07-15,home,2.36,True,False,MLS
2020-07-15,home,2.19,True,True,MLS
2020-07-16,home,1.61,False,False,MLS
2020-07-18,home,2.67,False,False,MLS
2020-07-19,home,2.31,False,True,MLS
2020-07-20,home,2.73,False,False,MLS
2020-07-21,home,2.9,True,False,MLS
2020-07-21,home,2.04,True,False,MLS
2020-07-24,home,2.75,False,False,MLS
2020-07-26,home,2.85,False,True,MLS
2020-07-27,home,2.59,False,False,MLS
2020-07-29,home,1.8,False,False,MLS
2020-08-02,home,2.24,False,False,MLS
2020-08-06,home,2.65,False,False,MLS
2020-08-12,home,2.87,True,True,MLS
2020-08-21,home,2.69,False,True,MLS
2020-08-22,away,2.77,False,False,MLS
2020-08-22,home,2.64,False,False,MLS
2020-08-23,home,2.11,True,True,MLS
2020-08-23,home,2.77,False,True,MLS
2020-08-25,home,2.44,True,True,MLS
2020-08-26,home,1.79,False,True,MLS
2020-08-29,home,2.19,True,False,MLS
2020-08-30,home,2.05,True,True,MLS
2020-08-30,home,2.39,False,True,MLS
2020-08-30,home,2.14,True,True,MLS
2020-08-31,home,2.33,False,True,MLS
2020-09-03,home,2.29,True,False,MLS
2020-09-03,away,2.34,False,False,MLS
2020-09-03,home,2.63,False,False,MLS
2020-09-03,home,2.79,False,False,MLS
2020-09-06,home,2.41,False,False,MLS
2020-09-07,home,2.3,False,False,MLS
2020-09-07,home,2.45,False,False,MLS
2020-09-12,home,2.77,False,False,MLS
2020-09-13,home,1.43,False,True,MLS
2020-09-13,home,2.31,False,True,MLS
2020-09-13,home,2.39,False,True,MLS
2020-09-13,home,2.26,False,False,MLS
2020-09-14,home,2.87,False,False,MLS
2020-09-17,home,2.19,True,True,MLS
2020-09-20,home,1.74,False,False,MLS
2020-09-20,home,2.07,True,False,MLS
2020-09-24,home,2.76,True,True,MLS
2020-09-24,home,2.43,False,False,MLS
2020-09-24,away,2.38,False,False,MLS
2020-09-24,home,2.82,False,True,MLS
2020-09-27,home,1.55,False,True,MLS
2020-09-28,home,2.91,True,True,MLS
2020-09-28,home,2.49,False,True,MLS
2020-09-28,home,2.32,True,False,MLS
2020-10-04,home,2.72,False,False,MLS
2020-10-04,away,2.99,False,True,MLS
2020-10-04,home,1.89,False,True,MLS
2020-10-04,home,2.67,False,False,MLS
2020-10-08,home,2.41,True,False,MLS
2020-10-08,home,2.33,True,False,MLS
2020-10-08,home,1.76,False,True,MLS
2020-10-10,home,2.72,False,False,MLS
2020-10-12,home,2.16,True,True,MLS
2020-10-12,away,2.19,False,True,MLS
2020-10-19,home,2.39,True,False,MLS
2020-10-24,home,2.84,False,False,MLS
2020-10-28,home,2.58,True,True,MLS
2020-10-29,home,2.87,False,True,MLS
2020-10-29,home,2.19,False,True,MLS
2020-10-29,home,2.71,True,True,MLS
2020-11-02,home,1.88,False,True,MLS
2020-11-02,home,2.88,False,False,MLS
2020-11-02,home,2.64,True,True,MLS
2020-11-05,home,2.96,False,False,MLS
2020-11-05,home,2.69,True,False,MLS
2020-11-05,home,2.82,False,False,MLS
2020-11-08,home,2.18,False,False,MLS
2020-11-08,home,2.28,False,True,MLS
2020-11-23,home,2.48,False,True,MLS
2020-11-24,home,2.27,True,False,MLS
2020-11-30,home,2.26,False,False,MLS
2020-12-06,home,2.65,False,True,MLS
2021-04-18,home,2.23,False,False,MLS
2021-04-18,home,1.75,False,False,MLS
2021-04-25,home,2.04,True,False,MLS
2021-04-25,home,2.08,True,True,MLS
2021-05-01,home,2.13,False,True,MLS
2021-05-02,home,2.55,False,False,MLS
2021-05-13,away,2.73,False,True,MLS
2021-05-17,home,2.52,False,True,MLS
2021-05-22,home,1.99,True,False,MLS
2021-05-22,home,1.93,False,True,MLS
2021-05-22,home,2.37,False,True,MLS
2021-05-29,home,2.45,False,True,MLS
2021-06-20,away,2.57,False,True,MLS
2021-06-20,home,2.96,False,False,MLS
2021-06-20,home,2.39,False,True,MLS
2021-06-24,home,1.83,False,False,MLS
2021-06-24,home,2.84,False,False,MLS
2021-06-27,home,2.07,True,False,MLS
2021-07-03,home,2.71,False,False,MLS
2021-07-04,home,2.82,False,True,MLS
2021-07-04,home,1.97,True,False,MLS
2021-07-08,home,1.9,False,True,MLS
2021-07-18,home,2.0,True,True,MLS
2021-07-18,home,2.0,True,True,MLS
2021-07-18,home,2.42,False,False,MLS
2021-07-21,home,2.85,False,False,MLS
2021-07-22,home,2.3,False,False,MLS
2021-07-26,home,2.37,False,False,MLS
2021-08-05,home,2.29,False,False,MLS
2021-08-05,home,1.66,False,False,MLS
2021-08-05,home,1.85,False,False,MLS
2021-08-08,away,2.91,False,False,MLS
2021-08-08,away,2.99,False,False,MLS
2021-08-15,home,2.79,False,False,MLS
2021-08-15,home,2.64,False,False,MLS
2021-08-15,home,2.63,False,False,MLS
2021-08-19,home,2.51,False,True,MLS
2021-08-21,home,2.36,False,False,MLS
2021-08-27,home,1.8,False,True,MLS
2021-08-28,home,2.02,True,False,MLS
2021-09-04,home,2.76,False,True,MLS
2021-09-04,home,2.63,False,False,MLS
2021-09-04,home,2.37,True,True,MLS
2021-09-11,home,2.53,False,True,MLS
2021-09-12,home,2.29,False,False,MLS
2021-09-12,home,1.98,True,False,MLS
2021-09-15,home,2.1,True,False,MLS
2021-09-16,home,2.32,True,False,MLS
2021-09-18,home,2.11,False,True,MLS
2021-09-26,home,2.32,True,True,MLS
2021-09-26,away,2.67,False,False,MLS
2021-09-27,home,2.84,False,True,MLS
2021-09-30,home,1.85,False,True,MLS
2021-09-30,away,2.84,False,True,MLS
2021-10-03,away,2.19,False,True,MLS
2021-10-03,home,2.37,False,True,MLS
2021-10-03,home,1.83,False,True,MLS
2021-10-04,away,2.95,False,False,MLS
2021-10-04,home,2.2,True,True,MLS
2021-10-10,away,2.46,False,True,MLS
2021-10-10,home,1.84,False,True,MLS
2021-10-17,away,2.96,False,False,MLS
2021-10-17,home,2.73,False,True,MLS
2021-10-17,home,2.78,False,True,MLS
2021-10-21,away,2.63,False,True,MLS
2021-10-21,home,2.51,False,False,MLS
2021-10-23,home,2.64,False,False,MLS
2021-10-24,home,1.87,False,True,MLS
2021-10-24,home,2.8,True,False,MLS
2021-10-24,home,2.46,False,False,MLS
2021-10-28,home,2.56,False,True,MLS
2021-10-28,home,2.74,False,False,MLS
2021-10-28,home,2.09,False,True,MLS
2021-10-28,away,2.99,False,False,MLS
2021-11-03,home,1.71,False,False,MLS
2021-11-04,home,2.95,False,True,MLS
2021-11-07,home,2.7,False,False,MLS
2021-11-20,home,2.54,False,False,MLS
2021-12-11,home,2.81,False,False,MLS
2022-03-05,home,1.97,True,True,MLS
2022-03-06,home,2.84,False,False,MLS
2022-03-12,home,2.02,True,True,MLS
2022-03-13,home,2.3,False,False,MLS
2022-03-13,home,2.02,True,True,MLS
2022-03-26,home,2.32,True,True,MLS
2022-04-03,home,2.45,False,False,MLS
2022-04-03,home,2.4,False,False,MLS
2022-04-03,home,2.21,True,False,MLS
2022-04-16,home,1.7,False,False,MLS
2022-04-17,home,2.01,True,False,MLS
2022-04-17,home,2.68,False,False,MLS
2022-04-17,home,1.89,False,False,MLS
2022-04-23,home,2.15,False,True,MLS
2022-04-24,home,2.63,False,False,MLS
2022-04-30,home,2.38,False,False,MLS
2022-04-30,home,1.85,False,False,MLS
2022-04-30,home,2.52,False,True,MLS
2022-05-01,home,2.38,False,False,MLS
2022-05-01,home,2.54,False,False,MLS
2022-05-08,home,1.81,False,False,MLS
2022-05-15,home,2.46,False,False,MLS
2022-05-15,home,1.94,False,False,MLS
2022-05-15,home,2.35,True,True,MLS
2022-05-19,home,2.44,False,False,MLS
2022-05-19,away,2.73,False,True,MLS
2022-05-19,home,2.1,True,True,MLS
2022-05-19,home,2.67,False,True,MLS
2022-05-21,away,2.66,False,True,MLS
2022-05-29,home,2.77,False,True,MLS
2022-05-29,home,1.82,False,True,MLS
2022-05-29,home,2.52,False,False,MLS
2022-05-29,home,2.2,False,False,MLS
2022-06-12,home,1.91,False,False,MLS
2022-06-18,home,2.47,False,False,MLS
2022-06-19,home,2.18,False,False,MLS
2022-06-19,home,2.19,False,False,MLS
2022-06-19,home,1.55,False,False,MLS
2022-06-25,away,2.99,False,False,MLS
2022-06-30,away,2.35,True,False,MLS
2022-07-04,home,1.61,False,False,MLS
2022-07-09,home,1.83,False,True,MLS
2022-07-10,away,2.96,False,False,MLS
2022-07-10,away,2.55,False,False,MLS
2022-07-17,home,2.27,True,False,MLS
2022-07-17,home,2.31,False,False,MLS
2022-07-18,home,1.83,False,True,MLS
2022-07-18,home,2.47,False,False,MLS
2022-07-18,home,2.26,False,False,MLS
2022-07-24,away,2.89,True,False,MLS
2022-07-24,home,2.68,False,False,MLS
2022-07-31,away,2.94,False,False,MLS
2022-07-31,home,2.35,False,False,MLS
2022-07-31,home,2.22,False,True,MLS
2022-07-31,home,2.9,False,True,MLS
2022-08-07,away,2.74,False,False,MLS
2022-08-07,home,2.81,True,True,MLS
2022-08-07,home,2.15,False,False,MLS
2022-08-14,home,1.93,False,True,MLS
2022-08-14,away,2.77,False,False,MLS
2022-08-20,home,2.1,True,False,MLS
2022-08-21,home,2.09,True,True,MLS
2022-08-28,away,2.84,False,True,MLS
2022-08-29,home,2.12,True,False,MLS
2022-09-04,home,1.77,False,True,MLS
2022-09-08,home,1.69,False,False,MLS
2022-09-10,home,1.91,False,False,MLS
2022-09-11,home,1.82,False,True,MLS
2022-09-17,home,2.46,False,True,MLS
2022-09-18,home,2.38,True,False,MLS
2022-09-18,away,2.81,False,False,MLS
2022-09-18,home,2.15,True,False,MLS
2022-09-18,home,2.71,False,False,MLS
2022-09-18,home,2.37,False,False,MLS
2022-09-28,home,2.69,True,False,MLS
2022-10-01,home,2.6,False,True,MLS
2022-10-02,home,2.27,False,True,MLS
2022-10-02,home,1.87,False,True,MLS
2022-10-15,home,2.22,True,False,MLS
2022-10-18,home,1.83,False,True,MLS
2022-10-21,home,1.81,False,True,MLS
2023-02-26,home,2.65,False,True,MLS
2023-03-05,home,1.92,False,True,MLS
2023-03-05,home,2.67,False,False,MLS
2023-03-18,home,1.76,False,True,MLS
2023-03-19,home,2.69,False,False,MLS
2023-03-25,home,2.44,False,False,MLS
2023-03-25,home,2.95,False,True,MLS
2023-03-26,away,2.75,False,False,MLS
2023-03-26,home,2.5,False,False,MLS
2023-03-26,home,1.97,True,False,MLS
2023-04-09,home,2.09,False,False,MLS
2023-04-16,home,2.66,True,False,MLS
2023-04-16,home,2.17,False,False,MLS
2023-04-16,away,2.9,False,False,MLS
2023-04-16,home,2.44,False,True,MLS
2023-04-23,home,2.07,False,False,MLS
2023-04-23,home,1.66,False,True,MLS
2023-04-23,home,2.58,False,False,MLS
2023-04-30,home,2.23,True,False,MLS
2023-04-30,home,2.16,False,False,MLS
2023-05-07,home,2.38,False,True,MLS
2023-05-07,home,1.93,False,True,MLS
2023-05-14,home,2.16,False,True,MLS
2023-05-14,home,2.36,True,True,MLS
2023-05-18,home,1.81,False,False,MLS
2023-05-18,home,2.22,False,True,MLS
2023-05-21,home,2.08,True,True,MLS
2023-05-21,home,2.09,False,True,MLS
2023-05-21,home,1.63,False,True,MLS
2023-05-28,home,2.69,False,True,MLS
2023-05-28,home,2.3,False,False,MLS
2023-06-01,home,2.32,True,False,MLS
2023-06-03,home,2.24,False,False,MLS
2023-06-04,home,2.9,False,False,MLS
2023-06-11,home,1.97,True,True,MLS
2023-06-11,home,2.42,False,True,MLS
2023-06-12,home,2.43,False,True,MLS
2023-06-22,away,2.88,False,False,MLS
2023-06-25,home,2.56,False,True,MLS
2023-07-02,home,2.91,False,False,MLS
2023-07-02,home,2.2,True,True,MLS
2023-07-05,home,2.37,True,False,MLS
2023-07-06,home,2.04,True,False,MLS
2023-07-09,home,2.53,False,False,MLS
2023-07-09,home,2.68,False,False,MLS
2023-07-16,home,2.31,False,False,MLS
2023-07-16,home,2.19,False,True,MLS
2023-07-16,home,2.26,True,True,MLS
2023-07-16,home,2.49,False,False,MLS
2023-08-21,home,2.23,True,True,MLS
2023-08-27,away,2.83,False,True,MLS
2023-08-27,home,2.47,True,False,MLS
2023-09-02,home,1.93,False,False,MLS
2023-09-03,home,2.4,False,False,MLS
2023-09-03,home,2.19,True,False,MLS
2023-09-04,home,2.05,True,False,MLS
2023-09-10,home,2.99,False,True,MLS
2023-09-11,home,2.08,False,False,MLS
2023-09-17,home,1.9,False,False,MLS
2023-09-21,home,2.94,True,False,MLS
2023-09-21,away,2.95,False,False,MLS
2023-09-21,home,2.1,True,True,MLS
2023-09-21,away,2.69,False,False,MLS
2023-09-24,home,2.18,False,False,MLS
2023-09-24,home,2.23,False,True,MLS
2023-09-28,home,2.68,False,False,MLS
2023-10-01,away,2.8,False,False,MLS
2023-10-05,home,2.4,True,False,MLS
2023-10-05,home,2.59,False,False,MLS
2023-10-05,home,1.99,True,True,MLS
2023-10-05,home,2.23,True,True,MLS
2023-10-05,home,2.16,False,False,MLS
2023-10-08,home,1.97,True,False,MLS
2023-10-15,home,2.4,False,False,MLS
2023-10-21,home,2.56,False,False,MLS
2023-10-22,home,2.83,False,False,MLS
2023-10-22,home,2.12,True,False,MLS
2023-11-04,home,2.06,True,False,MLS
2023-11-06,away,2.69,False,True,MLS
2023-11-07,home,2.47,False,False,MLS
2023-11-08,home,2.08,False,False,MLS
2023-12-03,home,1.75,False,True,MLS
2024-02-25,home,1.82,False,False,MLS
2024-02-25,home,2.32,False,True,MLS
2024-02-25,home,2.13,False,False,MLS
2024-02-25,home,2.88,False,False,MLS
2024-03-03,home,2.75,False,False,MLS
2024-03-03,home,2.23,False,False,MLS
2024-03-03,home,2.41,False,False,MLS
2024-03-03,home,1.96,True,False,MLS
2024-03-10,home,2.5,False,False,MLS
2024-03-17,home,2.47,False,False,MLS
2024-03-17,home,2.11,True,True,MLS
2024-03-17,home,2.2,False,False,MLS
2024-03-23,home,2.06,True,False,MLS
2024-03-24,home,2.31,False,False,MLS
2024-03-24,home,1.92,False,False,MLS
2024-03-30,home,2.67,False,False,MLS
2024-04-07,home,2.34,False,False,MLS
2024-04-07,home,2.35,True,True,MLS
2024-04-07,home,1.78,False,True,MLS
2024-04-07,home,2.34,False,False,MLS
2024-04-14,home,2.77,False,True,MLS
2024-04-14,home,2.7,False,False,MLS
2024-04-14,home,2.22,False,False,MLS
2024-04-14,home,1.9,False,True,MLS
2024-04-21,home,2.89,False,False,MLS
2024-04-27,home,2.6,False,True,MLS
2024-04-28,home,2.76,True,False,MLS
2024-04-28,home,1.84,False,False,MLS
2024-04-28,home,2.82,False,True,MLS
2024-05-01,home,2.22,False,False,MLS
2024-05-05,away,2.93,False,False,MLS
2024-05-05,home,2.26,False,False,MLS
2024-05-12,home,2.15,True,False,MLS
2024-05-12,away,2.94,False,True,MLS
2024-05-12,home,2.35,False,False,MLS
2024-05-16,home,1.99,True,False,MLS
2024-05-16,home,2.53,False,True,MLS
2024-05-16,home,2.17,False,False,MLS
2024-05-16,home,2.23,False,True,MLS
2024-05-19,home,2.65,False,True,MLS
2024-05-26,home,2.95,False,False,MLS
2024-05-26,home,2.54,False,False,MLS
2024-05-26,home,2.92,False,False,MLS
2024-05-30,home,2.94,False,True,MLS
2024-05-30,home,1.68,False,False,MLS
2024-05-30,home,2.78,False,False,MLS
2024-06-09,home,2.56,False,True,MLS
2024-06-16,home,2.22,False,False,MLS
2024-06-16,home,2.24,False,True,MLS
2024-06-16,home,1.93,False,False,MLS
2024-06-20,home,1.95,True,False,MLS
2024-06-23,home,2.33,True,False,MLS
2024-06-23,home,2.53,False,True,MLS
2024-06-30,home,1.75,False,True,MLS
2024-06-30,home,2.77,False,False,MLS
2024-06-30,home,2.14,True,False,MLS
2024-06-30,home,2.79,False,False,MLS
2024-07-04,home,2.83,False,False,MLS
2024-07-04,home,2.37,False,True,MLS
2024-07-04,home,2.31,False,False,MLS
2024-07-05,home,2.61,False,True,MLS
2024-07-07,home,2.63,False,False,MLS
2024-07-07,home,2.96,True,False,MLS
2024-07-08,home,2.37,False,True,MLS
2024-07-14,home,2.81,False,True,MLS
2024-07-14,home,2.06,True,False,MLS
2024-07-18,home,2.93,False,False,MLS
2024-07-21,home,2.86,False,True,MLS
2024-07-21,home,2.24,True,False,MLS
2024-07-21,home,2.47,False,False,MLS
2024-08-25,home,2.24,True,False,MLS
2024-08-25,home,2.89,False,True,MLS
2024-08-29,home,2.33,False,False,MLS
2024-09-01,home,2.27,False,False,MLS
2024-09-01,home,2.63,False,False,MLS
2024-09-01,home,2.22,False,False,MLS
2024-09-01,home,2.37,True,True,MLS
2024-09-15,home,2.13,False,False,MLS
2024-09-19,home,2.0,True,False,MLS
2024-09-19,home,2.29,True,True,MLS
2024-09-19,home,2.12,False,True,MLS
2024-09-21,home,2.09,True,False,MLS
2024-09-22,home,2.79,False,False,MLS
2024-09-22,home,2.29,False,False,MLS
2024-09-22,home,1.89,False,True,MLS
2024-09-29,home,2.13,False,False,MLS
2024-09-29,home,2.57,False,False,MLS
2024-10-03,home,2.05,True,False,MLS
2024-10-03,home,2.18,True,False,MLS
2024-10-06,home,2.41,False,True,MLS
2024-10-06,home,2.45,True,False,MLS
2024-10-06,home,2.62,False,True,MLS
2024-10-06,home,2.98,False,False,MLS
2024-10-19,home,1.97,True,False,MLS
2024-11-02,home,2.79,False,False,MLS
2024-11-02,home,2.38,False,True,MLS
2025-02-23,home,2.79,False,False,MLS
2025-03-02,home,2.72,False,True,MLS
2025-03-02,home,2.91,False,True,MLS
2025-03-09,away,2.8,False,True,MLS
2025-03-09,home,2.2,True,False,MLS
2025-03-16,home,2.72,False,False,MLS
2025-03-22,home,2.33,False,False,MLS
2025-03-22,home,2.23,True,True,MLS
2025-03-29,away,2.89,False,True,MLS
2025-03-30,home,2.68,False,False,MLS
2025-03-30,away,2.99,False,False,MLS
2025-03-30,home,2.47,False,False,MLS
2025-04-13,home,2.75,False,True,MLS
2025-04-13,home,1.7,False,True,MLS
2025-04-19,home,2.4,True,False,MLS
2025-04-20,home,2.1,True,False,MLS
2025-04-20,home,2.85,False,False,MLS
2025-04-20,home,1.83,False,False,MLS
2025-05-04,home,2.42,False,True,MLS
2025-05-11,home,2.79,False,False,MLS
2025-05-25,home,2.55,False,False,MLS
2025-05-25,home,2.28,False,False,MLS
2025-05-25,home,2.45,False,False,MLS
2025-05-25,home,2.08,True,True,MLS
2025-05-26,home,2.88,False,True,MLS
2025-05-29,home,2.91,False,True,MLS
2025-05-29,home,2.63,False,False,MLS
2025-05-29,home,2.23,True,False,MLS
2025-06-08,home,2.74,False,False,MLS
2025-06-14,home,2.38,True,False,MLS
2025-06-15,home,2.14,False,True,MLS
2025-06-15,home,2.24,False,True,MLS
2025-06-26,home,2.94,False,False,MLS
2025-06-26,home,2.57,True,False,MLS
2025-07-05,home,2.83,False,False,MLS
2025-07-05,home,2.28,False,True,MLS
2025-07-06,home,2.08,True,True,MLS
2025-07-13,away,2.79,False,False,MLS
2025-07-13,home,2.41,False,False,MLS
2025-07-17,home,2.38,True,False,MLS
2025-07-17,home,2.75,False,True,MLS
2025-07-20,home,2.96,False,False,MLS
2025-07-20,home,2.51,False,False,MLS
2025-07-20,home,2.31,False,True,MLS
2025-07-26,home,2.29,False,False,MLS
2025-07-26,home,2.71,False,False,MLS
2025-07-27,home,2.42,False,False,MLS
2025-07-27,home,2.74,False,False,MLS
2025-07-27,home,1.87,False,True,MLS
2025-08-10,away,2.97,False,False,MLS
2025-08-17,home,3.0,False,True,MLS
2025-08-17,home,2.73,False,False,MLS
2025-08-17,home,2.44,False,True,MLS
2025-08-24,home,2.89,False,True,MLS
2025-08-24,home,1.79,False,True,MLS
2025-08-24,home,2.1,True,False,MLS
2025-08-24,home,2.36,False,False,MLS
2025-08-24,home,2.59,True,True,MLS
2025-08-31,home,2.15,False,True,MLS
2025-09-14,home,2.67,False,False,MLS
2025-09-14,home,2.75,False,True,MLS
2025-09-14,home,2.65,False,True,MLS
2025-09-14,home,2.72,False,True,MLS
2025-09-20,home,2.6,False,False,MLS
2025-09-21,home,2.18,False,True,MLS
2025-09-21,home,2.25,False,False,MLS
2025-09-21,home,2.77,False,False,MLS
2025-09-25,home,2.4,False,False,MLS
2025-09-28,away,2.93,False,False,MLS
2025-10-05,home,2.78,False,False,MLS
2025-10-12,home,2.5,False,False,MLS
2025-10-12,home,2.49,False,True,MLS
2025-10-18,home,3.0,False,False,MLS
2025-10-19,home,2.56,False,True,MLS
2025-10-19,home,2.91,False,False,MLS
2025-11-30,home,2.69,False,False,MLS
2019-01-14,Player2,1.37,False,True,TENNIS_ATP
2019-02-08,Player2,1.44,False,True,TENNIS_ATP
2019-07-15,Player2,1.29,False,False,TENNIS_ATP
2019-07-15,Player2,1.65,False,True,TENNIS_ATP
2019-07-16,Player2,1.42,False,False,TENNIS_ATP
2019-07-18,Player2,2.5,False,False,TENNIS_ATP
2019-07-19,Player2,1.91,False,False,TENNIS_ATP
2019-07-20,Player2,1.57,False,False,TENNIS_ATP
2019-07-28,Player2,1.83,False,False,TENNIS_ATP
2019-08-01,Player2,1.98,False,False,TENNIS_ATP
2019-09-03,Player2,1.87,False,False,TENNIS_ATP
2020-01-16,Player1,1.56,False,True,TENNIS_ATP
2020-01-21,Player2,1.52,False,True,TENNIS_ATP
2020-02-13,Player2,1.72,False,True,TENNIS_ATP
2020-02-14,Player2,2.09,False,False,TENNIS_ATP
2020-02-19,Player2,1.5,False,False,TENNIS_ATP
2020-02-22,Player2,1.72,False,False,TENNIS_ATP
2020-08-22,Player1,1.62,False,True,TENNIS_ATP
2020-08-23,Player1,1.56,False,True,TENNIS_ATP
2020-08-23,Player1,2.25,False,False,TENNIS_ATP
2020-08-24,Player1,1.66,False,False,TENNIS_ATP
2020-08-24,Player2,1.31,False,True,TENNIS_ATP
2020-08-25,Player2,2.0,False,True,TENNIS_ATP
2020-08-31,Player2,1.64,False,True,TENNIS_ATP
2020-09-08,Player2,1.49,False,True,TENNIS_ATP
2020-09-09,Player2,1.29,False,True,TENNIS_ATP
2020-09-09,Player1,1.83,False,True,TENNIS_ATP
2020-09-10,Player2,1.42,False,True,TENNIS_ATP
2020-09-14,Player2,1.38,False,True,TENNIS_ATP
2020-09-14,Player2,1.29,False,True,TENNIS_ATP
2020-09-15,Player1,1.36,False,True,TENNIS_ATP
2020-09-17,Player1,2.08,False,True,TENNIS_ATP
2020-09-18,Player2,1.44,False,False,TENNIS_ATP
2020-09-22,Player1,1.85,False,True,TENNIS_ATP
2020-09-22,Player2,1.69,False,False,TENNIS_ATP
2020-09-27,Player1,1.71,False,True,TENNIS_ATP
2020-09-27,Player2,2.0,False,True,TENNIS_ATP
2020-09-27,Player1,1.45,False,True,TENNIS_ATP
2020-09-28,Player2,1.53,False,True,TENNIS_ATP
2020-09-28,Player1,1.47,False,True,TENNIS_ATP
2020-09-29,Player2,1.44,False,True,TENNIS_ATP
2020-09-30,Player1,1.34,False,True,TENNIS_ATP
2020-09-30,Player2,1.73,False,True,TENNIS_ATP
2020-10-12,Player1,2.34,False,True,TENNIS_ATP
2020-10-14,Player1,1.65,False,True,TENNIS_ATP
2020-10-14,Player2,1.57,False,True,TENNIS_ATP
2020-10-24,Player1,2.04,False,False,TENNIS_ATP
2020-11-03,Player2,2.19,False,True,TENNIS_ATP
2020-11-21,Player1,1.88,False,True,TENNIS_ATP
2021-01-07,Player1,1.68,False,False,TENNIS_ATP
2021-01-11,Player1,1.68,False,True,TENNIS_ATP
2021-02-02,Player2,1.74,False,False,TENNIS_ATP
2021-02-02,Player2,2.27,False,False,TENNIS_ATP
2021-02-08,Player1,1.48,False,True,TENNIS_ATP
2021-02-08,Player2,1.56,False,True,TENNIS_ATP
2021-02-08,Player1,1.26,False,True,TENNIS_ATP
2021-02-09,Player1,1.68,False,True,TENNIS_ATP
2021-02-09,Player1,1.34,False,True,TENNIS_ATP
2021-02-25,Player1,1.52,False,False,TENNIS_ATP
2021-03-04,Player1,1.3,False,True,TENNIS_ATP
2021-03-08,Player2,2.39,False,False,TENNIS_ATP
2021-03-10,Player2,1.56,False,True,TENNIS_ATP
2021-03-25,Player1,1.45,False,True,TENNIS_ATP
2021-03-27,Player2,2.1,False,False,TENNIS_ATP
2021-04-05,Player2,1.49,False,False,TENNIS_ATP
2021-04-07,Player2,1.34,False,True,TENNIS_ATP
2021-04-07,Player1,1.39,False,False,TENNIS_ATP
2021-04-08,Player2,1.8,False,True,TENNIS_ATP
2021-04-08,Player1,1.33,False,True,TENNIS_ATP
2021-04-08,Player1,1.31,False,True,TENNIS_ATP
2021-04-08,Player2,1.28,False,True,TENNIS_ATP
2021-04-11,Player2,2.36,False,False,TENNIS_ATP
2021-04-13,Player2,1.95,False,True,TENNIS_ATP
2021-04-13,Player1,1.29,False,True,TENNIS_ATP
2021-04-19,Player1,1.39,False,True,TENNIS_ATP
2021-04-21,Player2,2.49,False,False,TENNIS_ATP
2021-04-26,Player1,1.53,False,True,TENNIS_ATP
2021-04-27,Player1,1.52,False,True,TENNIS_ATP
2021-04-28,Player1,1.58,False,False,TENNIS_ATP
2021-05-03,Player1,1.26,False,True,TENNIS_ATP
2021-05-05,Player1,1.72,False,True,TENNIS_ATP
2021-05-05,Player1,2.19,False,False,TENNIS_ATP
2021-05-10,Player1,1.36,False,True,TENNIS_ATP
2021-05-12,Player1,1.85,False,True,TENNIS_ATP
2021-05-27,Player1,1.41,False,True,TENNIS_ATP
2021-05-30,Player1,1.71,False,True,TENNIS_ATP
2021-05-31,Player1,1.26,False,True,TENNIS_ATP
2021-06-01,Player1,1.47,False,True,TENNIS_ATP
2021-06-01,Player1,1.24,False,False,TENNIS_ATP
2021-06-03,Player1,1.65,False,True,TENNIS_ATP
2021-06-08,Player2,2.23,False,False,TENNIS_ATP
2021-06-14,Player2,2.41,False,True,TENNIS_ATP
2021-06-15,Player1,1.89,False,True,TENNIS_ATP
2021-06-28,Player2,2.02,False,True,TENNIS_ATP
2021-06-29,Player1,1.8,False,True,TENNIS_ATP
2021-06-30,Player2,1.43,False,False,TENNIS_ATP
2021-07-12,Player2,1.75,False,True,TENNIS_ATP
2021-07-13,Player2,1.65,False,False,TENNIS_ATP
2021-07-14,Player2,2.25,False,False,TENNIS_ATP
2021-07-14,Player2,1.85,False,True,TENNIS_ATP
2021-07-19,Player1,2.0,False,False,TENNIS_ATP
2021-07-28,Player2,1.66,False,True,TENNIS_ATP
2021-07-30,Player1,2.39,False,False,TENNIS_ATP
2021-08-04,Player2,1.65,False,True,TENNIS_ATP
2021-08-05,Player2,2.38,False,True,TENNIS_ATP
2021-08-06,Player1,1.43,False,True,TENNIS_ATP
2021-08-12,Player1,1.68,False,False,TENNIS_ATP
2021-08-12,Player2,1.41,False,False,TENNIS_ATP
2021-08-31,Player1,1.4,False,True,TENNIS_ATP
2021-09-02,Player2,2.23,False,True,TENNIS_ATP
2021-09-04,Player1,1.78,False,True,TENNIS_ATP
2021-10-09,Player1,1.83,False,True,TENNIS_ATP
2021-10-10,Player1,2.16,False,False,TENNIS_ATP
2021-10-21,Player1,1.23,False,True,TENNIS_ATP
2021-10-21,Player1,1.81,False,False,TENNIS_ATP
2021-10-27,Player2,1.6,False,False,TENNIS_ATP
2022-01-31,Player1,1.53,False,True,TENNIS_ATP
2022-02-19,Player1,1.61,False,True,TENNIS_ATP
2022-03-15,Player1,2.06,False,True,TENNIS_ATP
2022-03-19,Player1,2.37,False,False,TENNIS_ATP
2022-03-25,Player1,2.23,False,True,TENNIS_ATP
2022-03-25,Player1,1.6,False,False,TENNIS_ATP
2022-03-29,Player1,1.56,False,False,TENNIS_ATP
2022-04-21,Player2,2.5,False,False,TENNIS_ATP
2022-04-22,Player1,1.57,False,True,TENNIS_ATP
2022-04-26,Player2,1.32,False,False,TENNIS_ATP
2022-05-02,Player1,1.53,False,True,TENNIS_ATP
2022-05-06,Player1,1.84,False,True,TENNIS_ATP
2022-05-23,Player1,1.53,False,True,TENNIS_ATP
2022-05-24,Player1,1.81,False,True,TENNIS_ATP
2022-06-14,Player1,2.44,False,False,TENNIS_ATP
2022-06-20,Player1,1.62,False,True,TENNIS_ATP
2022-06-29,Player1,1.25,False,True,TENNIS_ATP
2022-08-21,Player1,2.39,False,True,TENNIS_ATP
2022-08-21,Player1,2.35,False,True,TENNIS_ATP
2022-08-29,Player2,1.29,False,True,TENNIS_ATP
2022-08-30,Player1,1.86,False,False,TENNIS_ATP
2022-09-27,Player1,1.74,False,True,TENNIS_ATP
2022-11-13,Player1,2.46,False,True,TENNIS_ATP
2022-11-15,Player1,1.6,False,True,TENNIS_ATP
2023-01-10,Player1,1.44,False,True,TENNIS_ATP
2023-02-17,Player1,2.38,False,False,TENNIS_ATP
2023-02-22,Player1,1.78,False,True,TENNIS_ATP
2023-03-22,Player1,1.84,False,True,TENNIS_ATP
2023-05-23,Player1,1.65,False,True,TENNIS_ATP
2023-05-25,Player1,1.56,False,True,TENNIS_ATP
2023-05-26,Player1,2.41,False,True,TENNIS_ATP
2023-05-26,Player1,2.25,False,True,TENNIS_ATP
2023-05-26,Player1,1.76,False,True,TENNIS_ATP
2023-05-28,Player1,1.93,False,False,TENNIS_ATP
2023-05-28,Player1,1.75,False,True,TENNIS_ATP
2023-05-28,Player1,1.63,False,False,TENNIS_ATP
2023-06-27,Player1,2.42,False,True,TENNIS_ATP
2023-06-29,Player1,1.43,False,True,TENNIS_ATP
2023-07-01,Player2,1.53,False,False,TENNIS_ATP
2023-07-05,Player2,1.66,False,True,TENNIS_ATP
2023-07-09,Player1,2.0,False,True,TENNIS_ATP
2023-07-10,Player1,1.56,False,False,TENNIS_ATP
2023-07-25,Player2,2.07,False,True,TENNIS_ATP
2023-09-28,Player1,1.94,False,True,TENNIS_ATP
2023-10-01,Player1,1.82,False,True,TENNIS_ATP
2023-10-18,Player1,2.26,False,True,TENNIS_ATP
2024-01-04,Player1,1.47,False,True,TENNIS_ATP
2024-01-05,Player1,1.48,False,False,TENNIS_ATP
2024-01-05,Player1,1.18,False,False,TENNIS_ATP
2024-01-15,Player1,1.74,False,True,TENNIS_ATP
2024-01-16,Player1,2.0,False,True,TENNIS_ATP
2024-01-18,Player1,1.55,False,True,TENNIS_ATP
2024-01-20,Player1,2.22,False,True,TENNIS_ATP
2024-02-07,Player1,1.64,False,True,TENNIS_ATP
2024-02-08,Player1,1.27,False,False,TENNIS_ATP
2024-02-10,Player1,1.91,False,True,TENNIS_ATP
2024-02-13,Player1,1.68,False,True,TENNIS_ATP
2024-02-23,Player1,2.07,False,True,TENNIS_ATP
2024-02-24,Player1,1.89,False,False,TENNIS_ATP
2024-02-27,Player1,1.5,False,True,TENNIS_ATP
2024-02-28,Player1,1.61,False,True,TENNIS_ATP
2024-03-09,Player1,1.53,False,False,TENNIS_ATP
2024-03-21,Player1,1.6,False,False,TENNIS_ATP
2024-04-08,Player1,1.62,False,False,TENNIS_ATP
2024-04-08,Player1,1.81,False,False,TENNIS_ATP
2024-04-15,Player1,1.76,False,True,TENNIS_ATP
2024-04-16,Player1,1.6,False,True,TENNIS_ATP
2024-04-25,Player1,1.57,False,True,TENNIS_ATP
2024-05-08,Player1,1.55,False,True,TENNIS_ATP
2024-05-09,Player1,1.48,False,True,TENNIS_ATP
2024-05-09,Player1,1.81,False,True,TENNIS_ATP
2024-05-10,Player1,1.41,False,True,TENNIS_ATP
2024-05-10,Player1,1.71,False,True,TENNIS_ATP
2024-05-11,Player1,2.21,False,False,TENNIS_ATP
2024-05-26,Player1,1.58,False,False,TENNIS_ATP
2024-05-26,Player1,1.61,False,True,TENNIS_ATP
2024-05-28,Player1,1.84,False,False,TENNIS_ATP
2024-05-30,Player1,1.5,False,True,TENNIS_ATP
2024-05-30,Player1,1.55,False,True,TENNIS_ATP
2024-05-31,Player1,1.38,False,True,TENNIS_ATP
2024-06-25,Player1,1.93,False,True,TENNIS_ATP
2024-07-01,Player1,1.82,False,True,TENNIS_ATP
2024-07-01,Player2,1.58,False,True,TENNIS_ATP
2024-07-02,Player1,1.49,False,True,TENNIS_ATP
2024-07-02,Player1,1.7,False,False,TENNIS_ATP
2024-07-06,Player1,1.95,False,False,TENNIS_ATP
2024-07-06,Player1,1.19,False,True,TENNIS_ATP
2024-07-15,Player2,2.01,False,True,TENNIS_ATP
2024-07-24,Player1,1.76,False,True,TENNIS_ATP
2024-07-25,Player1,1.69,False,False,TENNIS_ATP
2024-07-29,Player1,1.24,False,True,TENNIS_ATP
2024-07-30,Player1,1.52,False,True,TENNIS_ATP
2024-08-01,Player1,2.08,False,False,TENNIS_ATP
2024-08-10,Player2,2.46,False,False,TENNIS_ATP
2024-08-10,Player2,2.22,False,False,TENNIS_ATP
2024-08-11,Player2,2.34,False,True,TENNIS_ATP
2024-08-16,Player1,2.43,False,False,TENNIS_ATP
2024-08-16,Player1,1.65,False,True,TENNIS_ATP
2024-08-20,Player1,1.4,False,True,TENNIS_ATP
2024-08-22,Player1,1.44,False,True,TENNIS_ATP
2024-08-23,Player1,1.68,False,False,TENNIS_ATP
2024-08-27,Player1,1.32,False,False,TENNIS_ATP
2024-08-27,Player1,2.35,False,True,TENNIS_ATP
2024-08-27,Player1,1.75,False,True,TENNIS_ATP
2024-08-27,Player1,1.33,False,False,TENNIS_ATP
2024-08-27,Player1,1.68,False,False,TENNIS_ATP
2024-08-29,Player1,1.93,False,True,TENNIS_ATP
2024-08-29,Player1,1.38,False,True,TENNIS_ATP
2024-08-29,Player1,1.42,False,False,TENNIS_ATP
2024-09-01,Player1,1.35,False,True,TENNIS_ATP
2024-09-19,Player1,2.05,False,False,TENNIS_ATP
2024-09-20,Player1,2.24,False,True,TENNIS_ATP
2024-09-21,Player1,1.8,False,False,TENNIS_ATP
2024-09-24,Player1,2.19,False,True,TENNIS_ATP
2024-09-27,Player1,1.65,False,True,TENNIS_ATP
2024-09-29,Player1,2.4,False,False,TENNIS_ATP
2024-10-02,Player1,1.85,False,True,TENNIS_ATP
2024-10-04,Player1,2.26,False,False,TENNIS_ATP
2024-10-16,Player1,1.83,False,False,TENNIS_ATP
2024-10-18,Player1,2.08,False,True,TENNIS_ATP
2024-11-06,Player1,1.98,False,True,TENNIS_ATP
2024-11-06,Player2,1.37,False,True,TENNIS_ATP
2024-11-06,Player1,1.28,False,True,TENNIS_ATP
2024-11-07,Player1,1.88,False,True,TENNIS_ATP
2024-11-08,Player2,1.74,False,True,TENNIS_ATP
2024-11-08,Player1,2.0,False,True,TENNIS_ATP
2024-12-31,Player1,1.62,False,False,TENNIS_ATP
2025-01-07,Player1,1.82,False,True,TENNIS_ATP
2025-01-07,Player1,1.28,False,True,TENNIS_ATP
2025-01-08,Player1,1.71,False,False,TENNIS_ATP
2025-01-10,Player1,2.27,False,False,TENNIS_ATP
2025-01-10,Player1,2.13,False,False,TENNIS_ATP
2025-01-13,Player1,2.09,False,True,TENNIS_ATP
2025-01-13,Player1,1.3,False,False,TENNIS_ATP
2025-01-14,Player1,2.48,False,True,TENNIS_ATP
2025-01-14,Player1,1.93,False,True,TENNIS_ATP
2025-01-14,Player1,1.19,False,True,TENNIS_ATP
2025-01-14,Player1,1.25,False,True,TENNIS_ATP
2025-01-16,Player1,1.72,False,False,TENNIS_ATP
2025-01-16,Player1,1.22,False,False,TENNIS_ATP
2025-01-30,Player1,2.3,False,True,TENNIS_ATP
2025-02-09,Player2,1.7,False,True,TENNIS_ATP
2025-02-10,Player1,1.6,False,True,TENNIS_ATP
2025-02-12,Player1,1.56,False,True,TENNIS_ATP
2025-02-14,Player1,1.65,False,True,TENNIS_ATP
2025-02-20,Player1,2.3,False,False,TENNIS_ATP
2025-02-26,Player1,1.54,False,True,TENNIS_ATP
2025-02-26,Player1,2.21,False,False,TENNIS_ATP
2025-02-28,Player1,1.32,False,True,TENNIS_ATP
2025-03-06,Player1,1.88,False,True,TENNIS_ATP
2025-03-08,Player2,2.48,False,False,TENNIS_ATP
2025-03-09,Player1,1.88,False,False,TENNIS_ATP
2025-03-09,Player1,1.7,False,False,TENNIS_ATP
2025-03-19,Player1,1.66,False,False,TENNIS_ATP
2025-03-20,Player1,1.55,False,False,TENNIS_ATP
2025-03-20,Player1,1.36,False,True,TENNIS_ATP
2025-03-21,Player1,1.72,False,False,TENNIS_ATP
2025-03-22,Player1,2.27,False,True,TENNIS_ATP
2025-03-24,Player2,2.18,False,False,TENNIS_ATP
2025-03-25,Player1,1.77,False,True,TENNIS_ATP
2025-03-26,Player1,2.03,False,False,TENNIS_ATP
2025-03-31,Player1,1.61,False,True,TENNIS_ATP
2025-04-01,Player1,1.66,False,False,TENNIS_ATP
2025-04-02,Player1,2.14,False,True,TENNIS_ATP
2025-04-07,Player1,1.63,False,True,TENNIS_ATP
2025-04-08,Player1,1.53,False,False,TENNIS_ATP
2025-04-09,Player1,1.74,False,True,TENNIS_ATP
2025-04-14,Player1,1.46,False,True,TENNIS_ATP
2025-04-15,Player1,1.71,False,True,TENNIS_ATP
2025-04-23,Player1,2.33,False,False,TENNIS_ATP
2025-04-23,Player1,1.64,False,True,TENNIS_ATP
2025-04-23,Player1,1.57,False,True,TENNIS_ATP
2025-04-25,Player1,2.11,False,False,TENNIS_ATP
2025-04-26,Player1,1.56,False,False,TENNIS_ATP
2025-05-07,Player1,1.24,False,True,TENNIS_ATP
2025-05-10,Player1,2.22,False,True,TENNIS_ATP
2025-05-10,Player1,2.24,False,True,TENNIS_ATP
2025-05-21,Player1,1.46,False,True,TENNIS_ATP
2025-05-22,Player1,1.45,False,True,TENNIS_ATP
2025-05-25,Player1,1.88,False,True,TENNIS_ATP
2025-05-26,Player1,1.41,False,True,TENNIS_ATP
2025-05-27,Player1,1.85,False,True,TENNIS_ATP
2025-05-27,Player1,1.48,False,False,TENNIS_ATP
2025-05-27,Player1,1.3,False,False,TENNIS_ATP
2025-05-28,Player1,1.25,False,True,TENNIS_ATP
2025-05-30,Player1,1.8,False,False,TENNIS_ATP
2025-06-11,Player2,1.65,False,True,TENNIS_ATP
2025-06-23,Player1,1.41,False,True,TENNIS_ATP
2025-06-24,Player1,2.43,False,False,TENNIS_ATP
2025-06-25,Player1,1.49,False,False,TENNIS_ATP
2025-06-30,Player1,1.43,False,True,TENNIS_ATP
2025-07-01,Player1,1.31,False,False,TENNIS_ATP
2025-07-02,Player1,1.62,False,False,TENNIS_ATP
2025-07-02,Player1,1.44,False,True,TENNIS_ATP
2025-07-02,Player1,1.76,False,True,TENNIS_ATP
2025-07-03,Player2,1.81,False,False,TENNIS_ATP
2025-07-28,Player1,1.55,False,True,TENNIS_ATP
2025-07-29,Player1,2.46,False,False,TENNIS_ATP
2025-07-29,Player1,1.53,False,False,TENNIS_ATP
2025-08-07,Player1,1.73,False,True,TENNIS_ATP
2025-08-08,Player1,1.66,False,False,TENNIS_ATP
2025-08-09,Player2,2.49,False,True,TENNIS_ATP
2025-08-25,Player2,1.55,False,True,TENNIS_ATP
2025-08-27,Player1,1.57,False,True,TENNIS_ATP
2025-08-27,Player1,2.09,False,False,TENNIS_ATP
2025-08-31,Player1,1.92,False,True,TENNIS_ATP
2025-09-07,Player1,2.12,False,True,TENNIS_ATP
2025-09-19,Player1,1.49,False,True,TENNIS_ATP
2025-09-29,Player1,1.86,False,True,TENNIS_ATP
2025-10-01,Player1,1.95,False,True,TENNIS_ATP
2025-10-02,Player1,1.55,False,True,TENNIS_ATP
2025-10-04,Player1,1.78,False,False,TENNIS_ATP
2025-10-13,Player1,1.56,False,True,TENNIS_ATP
2025-10-21,Player1,1.42,False,True,TENNIS_ATP
2025-10-30,Player1,2.18,False,False,TENNIS_ATP
2025-10-31,Player1,2.14,False,True,TENNIS_ATP
2025-10-31,Player1,1.81,False,False,TENNIS_ATP
2025-11-07,Player1,2.11,False,False,TENNIS_ATP
2025-11-10,Player1,1.46,False,True,TENNIS_ATP
2025-11-11,Player1,1.4,False,False,TENNIS_ATP
2025-11-14,Player1,1.21,False,True,TENNIS_ATP
2026-01-05,Player1,1.54,False,True,TENNIS_ATP
2026-01-06,Player1,2.03,False,True,TENNIS_ATP
2026-01-08,Player1,1.69,False,True,TENNIS_ATP
2026-01-12,Player1,2.15,False,False,TENNIS_ATP
2018-01-15,Player1,2.06,False,True,TENNIS_WTA
2018-01-22,Player2,2.6,False,False,TENNIS_WTA
2018-01-30,Player2,2.37,False,True,TENNIS_WTA
2018-01-31,Player2,4.77,False,True,TENNIS_WTA
2018-02-01,Player1,4.74,False,False,TENNIS_WTA
2018-03-01,Player2,3.41,False,True,TENNIS_WTA
2018-04-11,Player2,3.6,False,False,TENNIS_WTA
2018-06-25,Player1,4.19,False,False,TENNIS_WTA
2018-07-02,Player2,4.86,False,False,TENNIS_WTA
2018-07-31,Player1,5.28,False,False,TENNIS_WTA
2018-08-22,Player2,2.78,False,False,TENNIS_WTA
2018-09-11,Player2,2.51,False,True,TENNIS_WTA
2018-10-17,Player1,2.05,False,True,TENNIS_WTA
2018-10-18,Player2,2.71,False,False,TENNIS_WTA
2018-10-19,Player1,2.28,False,True,TENNIS_WTA
2019-04-23,Player2,5.31,False,False,TENNIS_WTA
2019-07-31,Player2,3.07,False,False,TENNIS_WTA
2019-08-27,Player2,2.8,False,False,TENNIS_WTA
2020-01-09,Player1,2.26,False,False,TENNIS_WTA
2023-05-22,Player1,1.44,False,True,TENNIS_WTA
2023-05-23,Player1,1.99,False,True,TENNIS_WTA
2023-05-24,Player1,1.85,False,True,TENNIS_WTA
2023-05-25,Player1,1.68,False,True,TENNIS_WTA
2023-05-25,Player1,2.81,False,True,TENNIS_WTA
2023-05-26,Player1,2.88,False,True,TENNIS_WTA
2023-05-26,Player1,2.11,False,True,TENNIS_WTA
2024-07-22,Player2,1.74,False,False,TENNIS_WTA
2024-07-22,Player1,2.31,False,False,TENNIS_WTA
2025-05-20,Player1,3.99,False,True,TENNIS_WTA
2025-06-07,Player1,1.42,False,True,TENNIS_WTA
